{"type":"FeatureCollection","features":[{"type":"Feature","properties":{"id":"TH220101"},"geometry":{"type":"Polygon","coordinates":[[[102.11184,12.60327],[102.11310,12.60359],[102.11478,12.59641],[102.11321,12.59391],[102.11035,12.59197],[102.10673,12.59275],[102.10205,12.58676],[102.09454,12.58237],[102.08439,12.58341],[102.08478,12.58776],[102.08161,12.58326],[102.07910,12.58621],[102.07836,12.59050],[102.08574,12.60142],[102.08803,12.59903],[102.09406,12.60187],[102.09965,12.59771],[102.11228,12.60693],[102.11184,12.60327]]]}},{"type":"Feature","properties":{"id":"TH220102"},"geometry":{"type":"Polygon","coordinates":[[[102.10822,12.62308],[102.11218,12.62282],[102.11450,12.61956],[102.11438,12.61398],[102.11728,12.60639],[102.11176,12.60350],[102.11228,12.60693],[102.09965,12.59771],[102.09658,12.59914],[102.09599,12.60445],[102.09316,12.60769],[102.09486,12.61346],[102.09314,12.61753],[102.10635,12.62066],[102.10822,12.62308]]]}},{"type":"Feature","properties":{"id":"TH220103"},"geometry":{"type":"Polygon","coordinates":[[[102.12616,12.60124],[102.14305,12.60199],[102.14268,12.59849],[102.15569,12.59915],[102.15947,12.59159],[102.16524,12.59003],[102.17406,12.58271],[102.18679,12.57807],[102.20275,12.56768],[102.20903,12.56682],[102.20525,12.56179],[102.20664,12.55196],[102.19002,12.55129],[102.17285,12.55797],[102.15720,12.55860],[102.14966,12.56290],[102.14576,12.55835],[102.14103,12.55970],[102.13801,12.55603],[102.13532,12.55687],[102.12880,12.56715],[102.13010,12.57029],[102.13632,12.57207],[102.13931,12.57994],[102.12425,12.58989],[102.12616,12.60124]]]}},{"type":"Feature","properties":{"id":"TH220104"},"geometry":{"type":"Polygon","coordinates":[[[102.10658,12.59277],[102.11155,12.59213],[102.11264,12.58841],[102.11452,12.58943],[102.11684,12.58753],[102.12450,12.58926],[102.13931,12.57994],[102.13659,12.57249],[102.13010,12.57029],[102.12880,12.56715],[102.13124,12.56406],[102.12794,12.56370],[102.12672,12.56094],[102.12135,12.56151],[102.11208,12.55665],[102.11216,12.54197],[102.11017,12.53989],[102.10270,12.54308],[102.09659,12.55005],[102.09248,12.54919],[102.0777,12.53614],[102.07999,12.58123],[102.08478,12.58776],[102.08439,12.58341],[102.09454,12.58237],[102.10205,12.58676],[102.10658,12.59277]]]}},{"type":"Feature","properties":{"id":"TH220105"},"geometry":{"type":"Polygon","coordinates":[[[102.14966,12.56290],[102.16052,12.55793],[102.17285,12.55797],[102.19002,12.55129],[102.20598,12.55109],[102.21140,12.54149],[102.20823,12.53030],[102.19707,12.52167],[102.18505,12.51946],[102.18287,12.52090],[102.18229,12.52938],[102.17007,12.52207],[102.16162,12.52716],[102.15441,12.52669],[102.15186,12.52102],[102.14998,12.52175],[102.1423,12.51675],[102.14170,12.51149],[102.13756,12.51164],[102.13334,12.51515],[102.12935,12.52500],[102.12772,12.52516],[102.12729,12.53083],[102.13415,12.53239],[102.13542,12.53484],[102.13654,12.55414],[102.13904,12.55783],[102.14103,12.55970],[102.14576,12.55835],[102.14966,12.56290]]]}},{"type":"Feature","properties":{"id":"TH220106"},"geometry":{"type":"Polygon","coordinates":[[[102.08001,12.67574],[102.08533,12.67206],[102.09944,12.66914],[102.10097,12.66647],[102.11974,12.66300],[102.12934,12.64940],[102.13541,12.63599],[102.13472,12.63368],[102.12981,12.63459],[102.12974,12.63034],[102.12017,12.62478],[102.11438,12.61398],[102.11450,12.61956],[102.11218,12.62282],[102.09366,12.61876],[102.09486,12.61346],[102.09316,12.60769],[102.09599,12.60445],[102.09659,12.59929],[102.09406,12.60187],[102.08803,12.59903],[102.08574,12.60142],[102.07848,12.58893],[102.07282,12.60001],[102.06656,12.60298],[102.06545,12.61346],[102.06151,12.62204],[102.07171,12.63039],[102.07480,12.64170],[102.06694,12.64388],[102.06587,12.65062],[102.06793,12.65381],[102.06709,12.65581],[102.06977,12.65707],[102.07278,12.66431],[102.07269,12.67145],[102.08001,12.67574]]]}},{"type":"Feature","properties":{"id":"TH220107"},"geometry":{"type":"Polygon","coordinates":[[[102.12981,12.63459],[102.13595,12.63218],[102.13643,12.62879],[102.12933,12.61636],[102.12882,12.60929],[102.13087,12.60674],[102.12875,12.60645],[102.12638,12.60203],[102.12450,12.58926],[102.11971,12.58711],[102.11452,12.58943],[102.11264,12.58841],[102.11065,12.59141],[102.11478,12.59641],[102.11333,12.60506],[102.11728,12.60639],[102.11762,12.60839],[102.11438,12.61398],[102.12017,12.62478],[102.12974,12.63034],[102.12981,12.63459]]]}},{"type":"Feature","properties":{"id":"TH220108"},"geometry":{"type":"Polygon","coordinates":[[[102.06623,12.60369],[102.07282,12.60001],[102.08161,12.58326],[102.07999,12.58123],[102.07881,12.56804],[102.0777,12.53614],[102.06356,12.53348],[102.03414,12.54077],[102.02333,12.5407],[102.02229,12.54378],[102.02611,12.54960],[102.02822,12.56587],[102.04155,12.56050],[102.04161,12.57005],[102.03939,12.57209],[102.03463,12.57172],[102.03568,12.57639],[102.03812,12.57677],[102.04095,12.58365],[102.04575,12.58506],[102.05123,12.58973],[102.05041,12.59349],[102.05403,12.60150],[102.06623,12.60369]]]}},{"type":"Feature","properties":{"id":"TH220109"},"geometry":{"type":"Polygon","coordinates":[[[102.09653,12.74726],[102.10142,12.73556],[102.10679,12.73383],[102.11252,12.72639],[102.11869,12.72595],[102.12117,12.72078],[102.12624,12.71764],[102.13025,12.69867],[102.13632,12.69045],[102.13831,12.68187],[102.14375,12.67713],[102.14604,12.67224],[102.14519,12.66916],[102.14909,12.66508],[102.14719,12.65847],[102.14275,12.65499],[102.14542,12.65304],[102.14347,12.64669],[102.13911,12.64601],[102.13734,12.64239],[102.13343,12.64046],[102.11974,12.66300],[102.10097,12.66647],[102.09944,12.66914],[102.08533,12.67206],[102.07436,12.68066],[102.07043,12.68947],[102.07080,12.69379],[102.06814,12.70006],[102.06938,12.70784],[102.07589,12.71180],[102.07499,12.72087],[102.07793,12.72267],[102.08003,12.73326],[102.08293,12.73295],[102.08665,12.74059],[102.09653,12.74726]]]}},{"type":"Feature","properties":{"id":"TH220110"},"geometry":{"type":"Polygon","coordinates":[[[102.13119,12.56398],[102.13532,12.55687],[102.13801,12.55603],[102.13654,12.55414],[102.13542,12.53484],[102.13415,12.53239],[102.12729,12.53083],[102.11725,12.51943],[102.11315,12.51915],[102.11382,12.52270],[102.10713,12.52643],[102.09189,12.52125],[102.07351,12.52381],[102.0667,12.52811],[102.06356,12.53348],[102.0777,12.53614],[102.09248,12.54919],[102.09659,12.55005],[102.10270,12.54308],[102.11017,12.53989],[102.11216,12.54197],[102.11208,12.55665],[102.12135,12.56151],[102.12672,12.56094],[102.12794,12.56370],[102.13119,12.56398]]]}},{"type":"Feature","properties":{"id":"TH220111"},"geometry":{"type":"Polygon","coordinates":[[[102.14289,12.63570],[102.15338,12.63700],[102.16394,12.62568],[102.17376,12.62308],[102.18163,12.62664],[102.19885,12.61495],[102.19793,12.61228],[102.20663,12.60026],[102.21097,12.59044],[102.20668,12.58232],[102.20557,12.57102],[102.20903,12.56682],[102.20275,12.56768],[102.18679,12.57807],[102.17406,12.58271],[102.16524,12.59003],[102.15947,12.59159],[102.15569,12.59915],[102.14268,12.59849],[102.14305,12.60199],[102.13945,12.60254],[102.12616,12.60124],[102.12875,12.60645],[102.13087,12.60674],[102.12882,12.60929],[102.12933,12.61636],[102.13643,12.62879],[102.13472,12.63368],[102.14232,12.63945],[102.14289,12.63570]]]}},{"type":"Feature","properties":{"id":"TH220201"},"geometry":{"type":"Polygon","coordinates":[[[102.23588,12.46906],[102.23430,12.46292],[102.22998,12.45785],[102.22982,12.45339],[102.22355,12.45068],[102.22316,12.44403],[102.21376,12.45522],[102.21779,12.45738],[102.22195,12.46690],[102.22659,12.46405],[102.23588,12.46906]]]}},{"type":"Feature","properties":{"id":"TH220202"},"geometry":{"type":"Polygon","coordinates":[[[102.33328,12.49753],[102.34187,12.47751],[102.33738,12.47073],[102.33715,12.46429],[102.33379,12.46324],[102.32988,12.45846],[102.32566,12.45797],[102.32681,12.45612],[102.32247,12.44851],[102.32970,12.44547],[102.32687,12.43706],[102.32660,12.42583],[102.33588,12.41745],[102.34269,12.41622],[102.35527,12.40866],[102.36925,12.39545],[102.37152,12.38770],[102.33974,12.36748],[102.33601,12.37078],[102.33141,12.37093],[102.32857,12.37502],[102.32436,12.37579],[102.32328,12.38040],[102.31911,12.37564],[102.31842,12.38166],[102.31577,12.38416],[102.32034,12.38506],[102.30189,12.39350],[102.29847,12.38636],[102.29722,12.3908],[102.29489,12.39152],[102.29578,12.38297],[102.29140,12.37413],[102.24713,12.42060],[102.25999,12.42832],[102.27079,12.44348],[102.27072,12.45316],[102.27561,12.45203],[102.27331,12.44908],[102.27464,12.44801],[102.27870,12.44776],[102.27701,12.44359],[102.28054,12.44748],[102.28432,12.44756],[102.28261,12.45380],[102.28672,12.45179],[102.28785,12.45291],[102.28517,12.45509],[102.28543,12.45825],[102.27375,12.46264],[102.27468,12.46605],[102.27758,12.46471],[102.28579,12.46565],[102.29548,12.47077],[102.30318,12.47028],[102.31418,12.48144],[102.31463,12.50831],[102.32050,12.50925],[102.32784,12.50385],[102.33045,12.50417],[102.32987,12.49830],[102.33140,12.49580],[102.33328,12.49753]]]}},{"type":"Feature","properties":{"id":"TH220203"},"geometry":{"type":"Polygon","coordinates":[[[102.23100,12.48301],[102.23078,12.47812],[102.22624,12.46906],[102.22355,12.46605],[102.22195,12.46690],[102.21779,12.45738],[102.21376,12.45522],[102.22316,12.44403],[102.21736,12.43834],[102.21373,12.43913],[102.19329,12.43148],[102.18089,12.43694],[102.16658,12.44935],[102.16938,12.45629],[102.17738,12.46662],[102.17411,12.46897],[102.17425,12.47119],[102.17640,12.47201],[102.17667,12.47564],[102.1816,12.47848],[102.18083,12.48455],[102.19184,12.48327],[102.19586,12.4915],[102.19797,12.50760],[102.19664,12.51232],[102.19902,12.52331],[102.20304,12.51272],[102.21292,12.50334],[102.22430,12.48447],[102.23100,12.48301]]]}},{"type":"Feature","properties":{"id":"TH220204"},"geometry":{"type":"Polygon","coordinates":[[[102.19902,12.52331],[102.19586,12.4915],[102.19184,12.48327],[102.18083,12.48455],[102.1816,12.47848],[102.17667,12.47564],[102.17640,12.47201],[102.17425,12.47119],[102.17411,12.46897],[102.17738,12.46662],[102.16898,12.45634],[102.16210,12.46027],[102.16808,12.46997],[102.16573,12.47037],[102.16348,12.47489],[102.15846,12.47561],[102.14991,12.48076],[102.14752,12.49444],[102.14887,12.49734],[102.15606,12.5024],[102.16615,12.50569],[102.17028,12.51313],[102.17762,12.51375],[102.18435,12.51729],[102.18505,12.51946],[102.19902,12.52331]]]}},{"type":"Feature","properties":{"id":"TH220205"},"geometry":{"type":"MultiPolygon","coordinates":[[[[102.25166,12.28960],[102.25292,12.28809],[102.25135,12.28585],[102.24956,12.28789],[102.25166,12.28960]]],[[[102.24147,12.29607],[102.24417,12.29333],[102.23792,12.28656],[102.23549,12.29705],[102.24147,12.29607]]],[[[102.24713,12.42060],[102.29140,12.37413],[102.29578,12.38297],[102.29489,12.39152],[102.29722,12.3908],[102.29847,12.38636],[102.30189,12.39350],[102.32034,12.38506],[102.31577,12.38416],[102.31842,12.38166],[102.31911,12.37564],[102.32328,12.38040],[102.32436,12.37579],[102.32857,12.37502],[102.33141,12.37093],[102.33601,12.37078],[102.33974,12.36748],[102.34729,12.34164],[102.30664,12.30210],[102.26518,12.29961],[102.25776,12.29292],[102.25416,12.30662],[102.24439,12.31508],[102.22442,12.32781],[102.20617,12.34847],[102.20167,12.35973],[102.20635,12.36565],[102.20887,12.36532],[102.21198,12.36808],[102.20352,12.38084],[102.20448,12.39862],[102.22185,12.42025],[102.24713,12.42060]]]]}},{"type":"Feature","properties":{"id":"TH220206"},"geometry":{"type":"Polygon","coordinates":[[[102.24713,12.42060],[102.22185,12.42025],[102.21736,12.43834],[102.22277,12.44228],[102.22355,12.45068],[102.22982,12.45339],[102.22998,12.45785],[102.23172,12.45931],[102.24659,12.45113],[102.26855,12.45863],[102.27767,12.45764],[102.28044,12.45966],[102.28543,12.45825],[102.28517,12.45509],[102.28785,12.45291],[102.28672,12.45179],[102.28261,12.45380],[102.28432,12.44756],[102.28054,12.44748],[102.27701,12.44359],[102.27870,12.44776],[102.27464,12.44801],[102.27331,12.44908],[102.27561,12.45203],[102.27072,12.45316],[102.27079,12.44348],[102.25999,12.42832],[102.24713,12.42060]]]}},{"type":"Feature","properties":{"id":"TH220207"},"geometry":{"type":"Polygon","coordinates":[[[102.19902,12.52331],[102.22682,12.51965],[102.23941,12.51549],[102.24379,12.51082],[102.25611,12.51029],[102.26988,12.51498],[102.27285,12.51437],[102.27616,12.51031],[102.28781,12.50678],[102.29870,12.50999],[102.29483,12.51449],[102.29610,12.51801],[102.30177,12.51552],[102.30119,12.51369],[102.30896,12.51867],[102.31694,12.51312],[102.31711,12.50985],[102.31463,12.50831],[102.31418,12.48144],[102.30318,12.47028],[102.29548,12.47077],[102.28579,12.46565],[102.27758,12.46471],[102.27468,12.46605],[102.27375,12.46264],[102.27894,12.45958],[102.27767,12.45764],[102.26855,12.45863],[102.24659,12.45113],[102.23172,12.45931],[102.23538,12.46764],[102.22659,12.46405],[102.22355,12.46605],[102.23078,12.47812],[102.22999,12.48349],[102.22430,12.48447],[102.21292,12.50334],[102.20304,12.51272],[102.19902,12.52331]]]}},{"type":"Feature","properties":{"id":"TH220208"},"geometry":{"type":"Polygon","coordinates":[[[102.27725,12.63993],[102.27675,12.62977],[102.29850,12.61833],[102.30349,12.61897],[102.29994,12.61072],[102.29746,12.61052],[102.29541,12.6059],[102.29961,12.58894],[102.29806,12.58895],[102.29847,12.58678],[102.29642,12.58751],[102.29498,12.58464],[102.29635,12.58386],[102.29366,12.58284],[102.29200,12.5787],[102.28888,12.57820],[102.29092,12.57526],[102.28312,12.57636],[102.28171,12.57164],[102.27968,12.57463],[102.26954,12.57449],[102.26468,12.57348],[102.26227,12.57075],[102.24064,12.57342],[102.23616,12.56579],[102.22770,12.56700],[102.22369,12.56500],[102.20903,12.56682],[102.20557,12.57102],[102.20668,12.58232],[102.21097,12.59044],[102.21375,12.59065],[102.24371,12.62210],[102.24926,12.62402],[102.26043,12.63878],[102.26894,12.64245],[102.27725,12.63993]]]}},{"type":"Feature","properties":{"id":"TH220209"},"geometry":{"type":"Polygon","coordinates":[[[102.34508,12.58586],[102.34252,12.57182],[102.33533,12.56352],[102.32724,12.56294],[102.32371,12.55912],[102.32014,12.56012],[102.30666,12.55678],[102.30563,12.55310],[102.30595,12.54843],[102.31214,12.54508],[102.31684,12.53715],[102.31537,12.53647],[102.31713,12.53504],[102.31223,12.52920],[102.31551,12.52486],[102.31448,12.52389],[102.31959,12.52336],[102.32356,12.52093],[102.32438,12.51817],[102.32549,12.52086],[102.33168,12.51979],[102.33379,12.51573],[102.33451,12.51699],[102.33773,12.51402],[102.33721,12.51146],[102.33455,12.51074],[102.33702,12.50934],[102.33824,12.50462],[102.33609,12.50391],[102.33140,12.49580],[102.32902,12.50176],[102.33045,12.50417],[102.32784,12.50385],[102.32050,12.50925],[102.31697,12.50914],[102.31694,12.51312],[102.30896,12.51867],[102.30119,12.51369],[102.30177,12.51552],[102.29610,12.51801],[102.29577,12.52317],[102.29920,12.52473],[102.30084,12.52808],[102.29723,12.53125],[102.29926,12.53314],[102.29756,12.53472],[102.29769,12.54303],[102.28589,12.54777],[102.28599,12.55967],[102.2771,12.55558],[102.2727,12.55735],[102.26825,12.55582],[102.26456,12.54700],[102.26041,12.54479],[102.25411,12.54769],[102.249,12.55714],[102.23616,12.56579],[102.24064,12.57342],[102.26227,12.57075],[102.26468,12.57348],[102.26954,12.57449],[102.27968,12.57463],[102.28171,12.57164],[102.28312,12.57636],[102.29092,12.57526],[102.28888,12.57820],[102.29200,12.5787],[102.29366,12.58284],[102.29635,12.58386],[102.29498,12.58464],[102.29642,12.58751],[102.29847,12.58678],[102.29806,12.58895],[102.29961,12.58894],[102.29606,12.59849],[102.29632,12.60259],[102.30228,12.59953],[102.30236,12.59626],[102.31084,12.58832],[102.31763,12.59230],[102.32200,12.59908],[102.34508,12.58586]]]}},{"type":"Feature","properties":{"id":"TH220210"},"geometry":{"type":"Polygon","coordinates":[[[102.22832,12.56703],[102.23616,12.56579],[102.24880,12.55729],[102.25411,12.54769],[102.26041,12.54479],[102.26456,12.54700],[102.26825,12.55582],[102.2727,12.55735],[102.2771,12.55558],[102.28599,12.55967],[102.28589,12.54777],[102.29769,12.54303],[102.29756,12.53472],[102.29926,12.53314],[102.29723,12.53125],[102.30084,12.52808],[102.29920,12.52473],[102.29577,12.52317],[102.29483,12.51449],[102.29870,12.50999],[102.28781,12.50678],[102.27616,12.51031],[102.27285,12.51437],[102.26988,12.51498],[102.25611,12.51029],[102.24379,12.51082],[102.23941,12.51549],[102.22682,12.51965],[102.19902,12.52331],[102.20823,12.53030],[102.21140,12.54149],[102.20598,12.55109],[102.20735,12.55338],[102.20520,12.56124],[102.20691,12.56510],[102.20903,12.56682],[102.22369,12.56500],[102.22832,12.56703]]]}},{"type":"Feature","properties":{"id":"TH220211"},"geometry":{"type":"Polygon","coordinates":[[[102.29770,12.68949],[102.30237,12.68502],[102.30674,12.68653],[102.31011,12.68403],[102.31561,12.67559],[102.32012,12.67263],[102.32257,12.66676],[102.33530,12.66594],[102.33820,12.66136],[102.35470,12.65338],[102.35880,12.64916],[102.35671,12.64259],[102.35808,12.63489],[102.36355,12.62744],[102.37137,12.62208],[102.37131,12.62018],[102.37821,12.61894],[102.38095,12.62266],[102.38721,12.62486],[102.38449,12.62674],[102.38769,12.63029],[102.39691,12.62847],[102.39788,12.62178],[102.39933,12.62253],[102.40143,12.61919],[102.40016,12.61742],[102.40161,12.61521],[102.39628,12.61427],[102.39748,12.60846],[102.39447,12.60924],[102.39176,12.60738],[102.39215,12.61006],[102.38820,12.60980],[102.38782,12.60444],[102.39007,12.60587],[102.39519,12.59845],[102.39709,12.59923],[102.40016,12.59597],[102.40316,12.59],[102.40746,12.58882],[102.40799,12.58581],[102.41026,12.58669],[102.41363,12.58455],[102.41651,12.57872],[102.41919,12.57946],[102.41883,12.57688],[102.42356,12.57322],[102.42337,12.57021],[102.42018,12.56868],[102.41818,12.57150],[102.41671,12.57078],[102.41734,12.56798],[102.41372,12.57022],[102.40927,12.56871],[102.40897,12.57015],[102.40553,12.56772],[102.39933,12.56744],[102.39665,12.57124],[102.39734,12.57444],[102.39242,12.5741],[102.39093,12.57672],[102.38835,12.57667],[102.38614,12.58266],[102.38017,12.58315],[102.37895,12.58897],[102.38054,12.58884],[102.37584,12.59262],[102.37664,12.59562],[102.37446,12.59706],[102.35646,12.59474],[102.34785,12.59086],[102.34508,12.58586],[102.32287,12.59897],[102.31163,12.58805],[102.30236,12.59626],[102.30228,12.59953],[102.29632,12.60259],[102.29541,12.6059],[102.29746,12.61052],[102.29994,12.61072],[102.30349,12.61897],[102.29850,12.61833],[102.27657,12.63034],[102.27751,12.6405],[102.28513,12.63809],[102.28842,12.64000],[102.29598,12.64000],[102.29746,12.64227],[102.29680,12.64672],[102.29877,12.64668],[102.29908,12.65143],[102.2946,12.65245],[102.29429,12.66075],[102.29050,12.66169],[102.29227,12.66513],[102.28749,12.67293],[102.28903,12.68495],[102.29158,12.68619],[102.29429,12.68386],[102.29566,12.68884],[102.29770,12.68949]]]}},{"type":"Feature","properties":{"id":"TH220212"},"geometry":{"type":"Polygon","coordinates":[[[102.32752,12.81372],[102.34331,12.80991],[102.35071,12.81298],[102.35502,12.81106],[102.37313,12.79465],[102.37501,12.78645],[102.37081,12.7808],[102.37792,12.76362],[102.39286,12.75663],[102.40907,12.77272],[102.41722,12.76842],[102.42377,12.75767],[102.42556,12.75794],[102.42595,12.76326],[102.43260,12.76491],[102.44427,12.75698],[102.46150,12.76125],[102.48038,12.75266],[102.48855,12.75667],[102.49048,12.75526],[102.4807,12.74562],[102.47392,12.73550],[102.46420,12.73367],[102.46120,12.73599],[102.45924,12.73369],[102.44373,12.73744],[102.44036,12.73564],[102.44001,12.73096],[102.43521,12.72990],[102.43020,12.72284],[102.42455,12.72337],[102.42563,12.71664],[102.42407,12.71098],[102.42121,12.71132],[102.42084,12.70876],[102.41516,12.70671],[102.40715,12.69875],[102.40310,12.70093],[102.40054,12.69872],[102.40296,12.69226],[102.39340,12.68773],[102.39514,12.68175],[102.39410,12.67882],[102.38537,12.67955],[102.38347,12.67270],[102.38615,12.66838],[102.38458,12.66295],[102.38754,12.65840],[102.38942,12.64513],[102.39389,12.63859],[102.39030,12.63246],[102.39165,12.63134],[102.38627,12.62945],[102.38449,12.62674],[102.38721,12.62486],[102.38095,12.62266],[102.37821,12.61894],[102.37131,12.62018],[102.37137,12.62208],[102.36158,12.62945],[102.35808,12.63489],[102.35863,12.63699],[102.35693,12.63728],[102.35880,12.64916],[102.35470,12.65338],[102.33820,12.66136],[102.33530,12.66594],[102.32257,12.66676],[102.31817,12.67533],[102.31561,12.67559],[102.30768,12.68590],[102.30237,12.68502],[102.29617,12.68958],[102.29429,12.68386],[102.29158,12.68619],[102.28903,12.68495],[102.28784,12.67575],[102.28193,12.68373],[102.28142,12.68979],[102.28360,12.69483],[102.28095,12.69658],[102.28009,12.70025],[102.28209,12.70369],[102.28065,12.70845],[102.27645,12.71025],[102.27795,12.71413],[102.27609,12.71640],[102.27929,12.71467],[102.28176,12.71964],[102.28644,12.72158],[102.28994,12.71733],[102.29459,12.71927],[102.29982,12.71614],[102.30048,12.72176],[102.30186,12.72200],[102.30746,12.71507],[102.30842,12.71766],[102.31583,12.71959],[102.32884,12.71457],[102.33348,12.71771],[102.33387,12.72154],[102.32161,12.73351],[102.32556,12.73742],[102.32574,12.74056],[102.31585,12.75500],[102.31589,12.76128],[102.32600,12.79790],[102.32143,12.80897],[102.32752,12.81372]]]}},{"type":"Feature","properties":{"id":"TH220301"},"geometry":{"type":"Polygon","coordinates":[[[101.98646,12.65325],[101.99264,12.6538],[102.00289,12.64269],[102.00226,12.64040],[102.00533,12.63794],[102.00579,12.63483],[102.01630,12.63362],[102.01715,12.63602],[102.02051,12.63655],[102.02314,12.62901],[102.02941,12.62674],[102.02151,12.61838],[102.01909,12.61876],[102.00927,12.61196],[102.00350,12.61301],[102.00021,12.62010],[101.98700,12.61476],[101.98498,12.60465],[101.98204,12.60235],[101.97108,12.60813],[101.96412,12.60667],[101.96401,12.61600],[101.95937,12.61565],[101.94841,12.62667],[101.95096,12.62873],[101.95645,12.62681],[101.95874,12.62902],[101.96061,12.63397],[101.95871,12.63677],[101.96241,12.64166],[101.96104,12.64406],[101.96614,12.64377],[101.96950,12.65029],[101.97529,12.64816],[101.97445,12.64451],[101.97601,12.64311],[101.98290,12.64721],[101.98646,12.65325]]]}},{"type":"Feature","properties":{"id":"TH220302"},"geometry":{"type":"Polygon","coordinates":[[[102.03586,12.62307],[102.03570,12.61056],[102.03168,12.60135],[102.02400,12.60169],[102.02017,12.59851],[102.01826,12.59270],[102.01348,12.58909],[102.00496,12.59792],[102.00168,12.59885],[102.00161,12.60543],[102.00533,12.60203],[102.00728,12.60665],[101.99729,12.60833],[102.00136,12.61234],[102.00927,12.61196],[102.01909,12.61876],[102.02151,12.61838],[102.02941,12.62674],[102.03586,12.62307]]]}},{"type":"Feature","properties":{"id":"TH220303"},"geometry":{"type":"Polygon","coordinates":[[[102.04384,12.60031],[102.05123,12.58973],[102.04575,12.58506],[102.04095,12.58365],[102.03812,12.57677],[102.03568,12.57639],[102.03463,12.57172],[102.03939,12.57209],[102.04161,12.57005],[102.04155,12.56050],[102.02484,12.56767],[102.01788,12.56556],[102.00600,12.56856],[102.00576,12.57424],[102.01033,12.57828],[102.01139,12.58225],[102.01616,12.58321],[102.02073,12.58758],[102.02291,12.58616],[102.02548,12.58889],[102.03067,12.58935],[102.03271,12.59252],[102.03865,12.59294],[102.04384,12.60031]]]}},{"type":"Feature","properties":{"id":"TH220304"},"geometry":{"type":"Polygon","coordinates":[[[102.04311,12.60124],[102.04243,12.5971],[102.03865,12.59294],[102.03271,12.59252],[102.03067,12.58935],[102.02548,12.58889],[102.02291,12.58616],[102.02073,12.58758],[102.01616,12.58321],[102.01171,12.58250],[102.01231,12.58878],[102.01948,12.59418],[102.02017,12.59851],[102.02400,12.60169],[102.03168,12.60135],[102.03570,12.61056],[102.03665,12.60575],[102.04311,12.60124]]]}},{"type":"Feature","properties":{"id":"TH220305"},"geometry":{"type":"Polygon","coordinates":[[[102.07409,12.64020],[102.07032,12.62834],[102.06151,12.62204],[102.06545,12.61346],[102.06642,12.60459],[102.05403,12.60150],[102.05041,12.59349],[102.03665,12.60575],[102.03575,12.62102],[102.03957,12.62193],[102.04855,12.63150],[102.05028,12.62737],[102.05548,12.63491],[102.06274,12.63652],[102.06947,12.63496],[102.07409,12.64020]]]}},{"type":"Feature","properties":{"id":"TH220306"},"geometry":{"type":"Polygon","coordinates":[[[102.05790,12.69868],[102.06814,12.70006],[102.07436,12.68066],[102.07989,12.67577],[102.07269,12.67145],[102.07278,12.66431],[102.06977,12.65707],[102.06709,12.65581],[102.06793,12.65381],[102.06587,12.65062],[102.06694,12.64388],[102.07480,12.64170],[102.06947,12.63496],[102.06274,12.63652],[102.05687,12.63561],[102.05154,12.62809],[102.05028,12.62737],[102.04855,12.63150],[102.03957,12.62193],[102.03575,12.62102],[102.03393,12.62480],[102.02314,12.62901],[102.02051,12.63655],[102.02313,12.64296],[102.02278,12.64839],[102.04028,12.65052],[102.05056,12.66188],[102.05613,12.67311],[102.05732,12.68127],[102.05597,12.68728],[102.05752,12.69247],[102.05462,12.69998],[102.05790,12.69868]]]}},{"type":"Feature","properties":{"id":"TH220307"},"geometry":{"type":"Polygon","coordinates":[[[102.04065,12.79225],[102.04259,12.78214],[102.05025,12.78228],[102.05229,12.78102],[102.05171,12.77891],[102.05739,12.77889],[102.05659,12.78570],[102.06960,12.77893],[102.07534,12.78158],[102.07603,12.78442],[102.07925,12.78457],[102.08141,12.78152],[102.07900,12.77822],[102.08020,12.77261],[102.07655,12.76856],[102.07091,12.76906],[102.07103,12.76363],[102.0681,12.75832],[102.08071,12.73647],[102.08429,12.73757],[102.08293,12.73295],[102.08003,12.73326],[102.07793,12.72267],[102.07499,12.72087],[102.07589,12.71180],[102.06938,12.70784],[102.06814,12.70006],[102.05462,12.69998],[102.05752,12.69247],[102.05597,12.68728],[102.05732,12.68127],[102.05613,12.67311],[102.05056,12.66188],[102.04028,12.65052],[102.02278,12.64839],[102.02107,12.63735],[102.01715,12.63602],[102.01630,12.63362],[102.00781,12.63383],[102.00226,12.64040],[102.00289,12.64269],[101.99231,12.65448],[102.00602,12.66223],[102.00815,12.66948],[102.01446,12.67765],[102.02049,12.68061],[102.03097,12.68233],[102.03541,12.68598],[102.03781,12.70264],[102.02907,12.74707],[102.02511,12.75439],[102.02624,12.75815],[102.02423,12.77091],[102.01990,12.78265],[102.01767,12.78416],[102.02399,12.78357],[102.02737,12.78764],[102.03172,12.78683],[102.03532,12.79044],[102.04065,12.79225]]]}},{"type":"Feature","properties":{"id":"TH220308"},"geometry":{"type":"Polygon","coordinates":[[[102.01824,12.78374],[102.02423,12.77091],[102.02624,12.75815],[102.02511,12.75439],[102.02907,12.74707],[102.03754,12.70906],[102.03580,12.68689],[102.03097,12.68233],[102.02049,12.68061],[102.01446,12.67765],[102.00815,12.66948],[102.00602,12.66223],[101.99233,12.65397],[101.98646,12.65325],[101.98048,12.64546],[101.97601,12.64311],[101.97445,12.64451],[101.97529,12.64816],[101.97150,12.65071],[101.96950,12.65029],[101.96614,12.64377],[101.96104,12.64406],[101.96447,12.65074],[101.95598,12.65123],[101.95573,12.65550],[101.95906,12.65349],[101.96048,12.65795],[101.95464,12.65716],[101.95507,12.66190],[101.95765,12.66273],[101.95639,12.66489],[101.95932,12.67463],[101.95345,12.68113],[101.95496,12.68465],[101.95223,12.69309],[101.96626,12.69786],[101.97196,12.69223],[101.97615,12.69428],[101.99247,12.71972],[101.99392,12.72531],[101.97886,12.72593],[101.97855,12.73033],[101.98096,12.74314],[101.98489,12.74814],[101.98827,12.76005],[101.98570,12.77255],[101.99173,12.78190],[101.99938,12.78368],[102.00962,12.78236],[102.01824,12.78374]]]}},{"type":"Feature","properties":{"id":"TH220309"},"geometry":{"type":"Polygon","coordinates":[[[102.00518,12.85381],[102.01015,12.85429],[102.01807,12.84518],[102.01869,12.83325],[102.02235,12.82692],[102.03091,12.83017],[102.03145,12.82471],[102.03560,12.82289],[102.03298,12.82131],[102.03500,12.81801],[102.03862,12.81761],[102.04014,12.81308],[102.03907,12.80842],[102.03683,12.80755],[102.03376,12.81038],[102.03408,12.80817],[102.04124,12.79875],[102.04064,12.79225],[102.03532,12.79044],[102.03172,12.78683],[102.02737,12.78764],[102.02399,12.78357],[102.02031,12.78491],[102.01043,12.78236],[101.99275,12.78304],[101.98570,12.77255],[101.98827,12.76005],[101.98489,12.74814],[101.98096,12.74314],[101.97855,12.73033],[101.97886,12.72593],[101.99392,12.72531],[101.99247,12.71972],[101.97615,12.69428],[101.97196,12.69223],[101.96626,12.69786],[101.94766,12.69239],[101.94708,12.70260],[101.95943,12.71033],[101.95986,12.71485],[101.95780,12.71986],[101.95514,12.72007],[101.95599,12.72691],[101.95035,12.72662],[101.94935,12.72901],[101.95120,12.73209],[101.94736,12.73233],[101.94552,12.73937],[101.93949,12.74083],[101.94149,12.74792],[101.93750,12.74950],[101.93667,12.75681],[101.93092,12.76180],[101.94179,12.77505],[101.93814,12.78042],[101.93891,12.78294],[101.93462,12.78802],[101.93485,12.79387],[101.93716,12.79711],[101.93193,12.81198],[101.93991,12.81847],[101.93645,12.82279],[101.93793,12.82613],[101.94521,12.82140],[101.95007,12.82434],[101.95163,12.82300],[101.95006,12.81797],[101.96145,12.82749],[101.96597,12.82693],[101.97122,12.83784],[101.98401,12.84706],[101.98526,12.85411],[101.99478,12.86370],[102.00174,12.85987],[102.00518,12.85381]]]}},{"type":"Feature","properties":{"id":"TH220311"},"geometry":{"type":"Polygon","coordinates":[[[101.92207,12.69991],[101.92612,12.68933],[101.93322,12.68560],[101.93686,12.67205],[101.93932,12.67152],[101.94353,12.66363],[101.94361,12.65741],[101.94054,12.65440],[101.93769,12.65577],[101.93391,12.65009],[101.93607,12.64786],[101.93414,12.64369],[101.93070,12.64248],[101.93222,12.63724],[101.92831,12.63602],[101.92682,12.62989],[101.92076,12.63517],[101.91200,12.63695],[101.91152,12.63372],[101.91717,12.62257],[101.91135,12.61953],[101.90564,12.6295],[101.90534,12.63549],[101.89774,12.64735],[101.90093,12.65198],[101.89455,12.65935],[101.89392,12.66628],[101.88918,12.67414],[101.89325,12.69133],[101.89547,12.69324],[101.89742,12.71172],[101.90021,12.71300],[101.90781,12.70594],[101.92207,12.69991]]]}},{"type":"Feature","properties":{"id":"TH220312"},"geometry":{"type":"Polygon","coordinates":[[[101.95537,12.65468],[101.95618,12.65113],[101.96447,12.65074],[101.96104,12.64406],[101.96241,12.64166],[101.95871,12.63677],[101.96050,12.63341],[101.95645,12.62681],[101.95096,12.62873],[101.94841,12.62667],[101.95937,12.61565],[101.94814,12.59707],[101.93582,12.58836],[101.92360,12.59955],[101.92229,12.61074],[101.92688,12.61523],[101.92703,12.61830],[101.91923,12.61926],[101.91152,12.63372],[101.91200,12.63695],[101.92076,12.63517],[101.92682,12.62989],[101.92831,12.63602],[101.93222,12.63724],[101.93070,12.64248],[101.93509,12.64523],[101.93607,12.64786],[101.93391,12.65009],[101.93769,12.65577],[101.94054,12.65440],[101.94361,12.65741],[101.94886,12.65394],[101.95537,12.65468]]]}},{"type":"Feature","properties":{"id":"TH220313"},"geometry":{"type":"Polygon","coordinates":[[[101.99976,12.62013],[102.00350,12.61301],[101.99729,12.60833],[102.00728,12.60665],[102.00533,12.60203],[102.00161,12.60543],[102.00143,12.59946],[102.00558,12.59738],[102.01293,12.58920],[102.01033,12.57828],[102.00576,12.57424],[102.00600,12.56856],[102.01788,12.56556],[102.02484,12.56767],[102.02822,12.56587],[102.02592,12.54912],[102.02265,12.54478],[102.00959,12.55242],[101.98893,12.54569],[101.98094,12.54880],[101.97965,12.54675],[101.97761,12.54753],[101.97462,12.54308],[101.94747,12.53855],[101.94494,12.54549],[101.94412,12.55646],[101.94170,12.55938],[101.94346,12.56758],[101.93971,12.57629],[101.93294,12.58169],[101.93582,12.58836],[101.94814,12.59707],[101.96126,12.61679],[101.96401,12.61600],[101.96412,12.60667],[101.97108,12.60813],[101.98047,12.60194],[101.98498,12.60465],[101.98700,12.61476],[101.99976,12.62013]]]}},{"type":"Feature","properties":{"id":"TH220314"},"geometry":{"type":"MultiPolygon","coordinates":[[[[101.94945,12.51401],[101.95086,12.51132],[101.94904,12.50936],[101.94818,12.51219],[101.94945,12.51401]]],[[[101.91755,12.62214],[101.91923,12.61926],[101.92703,12.61830],[101.92688,12.61523],[101.92229,12.61074],[101.92360,12.59955],[101.93582,12.58836],[101.93294,12.58169],[101.93971,12.57629],[101.94346,12.56758],[101.94170,12.55938],[101.94412,12.55646],[101.95066,12.51639],[101.94833,12.51688],[101.94636,12.52095],[101.94369,12.53269],[101.92930,12.53664],[101.92358,12.54815],[101.91424,12.55744],[101.89214,12.57279],[101.89062,12.57030],[101.88475,12.57898],[101.88504,12.58161],[101.88743,12.58212],[101.89252,12.58098],[101.89448,12.57697],[101.90080,12.57319],[101.90769,12.57473],[101.90916,12.57700],[101.90540,12.59549],[101.89804,12.60155],[101.89778,12.60375],[101.90871,12.61918],[101.91755,12.62214]]]]}},{"type":"Feature","properties":{"id":"TH220324"},"geometry":{"type":"Polygon","coordinates":[[[101.95943,12.90419],[101.96576,12.91211],[101.97297,12.91355],[101.97889,12.91253],[101.98072,12.91988],[101.99199,12.92117],[101.99431,12.91956],[102.00369,12.91972],[102.00392,12.90469],[102.00632,12.89799],[102.01082,12.89530],[102.01214,12.87938],[102.01335,12.87721],[102.01534,12.8787],[102.01798,12.87699],[102.01867,12.87108],[102.02373,12.86992],[102.02161,12.86853],[102.01758,12.85810],[102.01218,12.85696],[102.01015,12.85429],[102.00393,12.85450],[102.00174,12.85987],[101.99478,12.86370],[101.98526,12.85411],[101.98401,12.84706],[101.97122,12.83784],[101.96597,12.82693],[101.96145,12.82749],[101.95006,12.81797],[101.95163,12.82300],[101.95007,12.82434],[101.94521,12.82140],[101.93793,12.82613],[101.93645,12.82279],[101.93991,12.81847],[101.93464,12.81554],[101.93199,12.81023],[101.93716,12.79711],[101.93485,12.79387],[101.93462,12.78802],[101.93891,12.78294],[101.93814,12.78042],[101.94179,12.77505],[101.93088,12.76249],[101.93070,12.76709],[101.92530,12.77304],[101.91988,12.77282],[101.92305,12.77957],[101.91796,12.78977],[101.90995,12.78839],[101.90288,12.79518],[101.90584,12.79706],[101.90486,12.80317],[101.90684,12.80756],[101.90518,12.81164],[101.90808,12.81729],[101.89947,12.82320],[101.90040,12.83066],[101.89819,12.84007],[101.90028,12.84679],[101.89647,12.84582],[101.89361,12.84824],[101.89466,12.85198],[101.89219,12.85360],[101.89481,12.85701],[101.89456,12.86041],[101.89229,12.86418],[101.88622,12.86768],[101.88199,12.87538],[101.88600,12.87829],[101.88425,12.88284],[101.87706,12.88538],[101.87717,12.88987],[101.87092,12.89327],[101.87086,12.89740],[101.86854,12.90136],[101.86375,12.90360],[101.86057,12.90842],[101.86086,12.91182],[101.87579,12.91411],[101.88192,12.91829],[101.901,12.92339],[101.90122,12.92590],[101.90924,12.92641],[101.91957,12.92218],[101.92371,12.92261],[101.92453,12.91987],[101.93261,12.92258],[101.93606,12.92124],[101.93745,12.91330],[101.94102,12.91289],[101.93859,12.90748],[101.94663,12.90316],[101.94787,12.90549],[101.95943,12.90419]]]}},{"type":"Feature","properties":{"id":"TH220401"},"geometry":{"type":"Polygon","coordinates":[[[102.16646,13.05431],[102.21393,13.04763],[102.21625,13.05483],[102.23367,13.03994],[102.23898,13.03963],[102.24459,13.04262],[102.27185,13.03918],[102.27956,13.04116],[102.28806,13.03998],[102.29256,13.04303],[102.30204,13.04324],[102.30407,13.04497],[102.31406,13.04361],[102.31614,13.04626],[102.32127,13.04680],[102.32634,13.04529],[102.33600,13.05110],[102.34027,13.05036],[102.33710,13.04447],[102.31392,13.02918],[102.30874,13.02916],[102.30459,13.02396],[102.30801,13.01783],[102.31815,13.01018],[102.32085,13.00578],[102.31105,12.97020],[102.31111,12.92617],[102.30676,12.91698],[102.30892,12.91584],[102.30071,12.91357],[102.30507,12.90898],[102.30462,12.90562],[102.30743,12.90554],[102.30592,12.90085],[102.30800,12.90122],[102.30625,12.89800],[102.30691,12.89608],[102.30958,12.89583],[102.31170,12.88973],[102.31470,12.89121],[102.31552,12.89388],[102.31892,12.89199],[102.31955,12.88328],[102.31534,12.87271],[102.32368,12.86501],[102.32212,12.86111],[102.32882,12.84780],[102.33064,12.83802],[102.32673,12.82365],[102.32752,12.81372],[102.32375,12.80983],[102.32143,12.80897],[102.32009,12.81296],[102.30814,12.82453],[102.31003,12.83087],[102.30619,12.83347],[102.29710,12.82412],[102.28916,12.82279],[102.28569,12.81954],[102.28324,12.82146],[102.28090,12.82058],[102.27916,12.83502],[102.26927,12.84617],[102.26997,12.84411],[102.26593,12.83980],[102.26586,12.83535],[102.26351,12.83414],[102.26230,12.83837],[102.26370,12.85368],[102.24866,12.86110],[102.24015,12.86246],[102.24088,12.86510],[102.23893,12.86744],[102.24046,12.86937],[102.22876,12.89861],[102.22981,12.90081],[102.21571,12.91801],[102.20331,12.92469],[102.20199,12.92869],[102.20345,12.93044],[102.19074,12.94280],[102.18780,12.95129],[102.1817,12.95832],[102.18111,12.96363],[102.17581,12.96886],[102.17610,12.9721],[102.17302,12.97512],[102.17506,12.98740],[102.18156,12.98870],[102.18234,12.99239],[102.18551,12.99537],[102.17809,13.00162],[102.17517,13.00954],[102.17145,13.01318],[102.17419,13.01889],[102.17282,13.02295],[102.16847,13.02806],[102.16596,13.03951],[102.16052,13.04216],[102.15638,13.04908],[102.15479,13.06089],[102.16646,13.05431]]]}},{"type":"Feature","properties":{"id":"TH220402"},"geometry":{"type":"Polygon","coordinates":[[[102.41554,13.02800],[102.41005,13.01993],[102.40886,12.99905],[102.42103,12.99545],[102.42803,12.99695],[102.42708,12.99527],[102.44540,12.96634],[102.43733,12.95993],[102.42724,12.95787],[102.41858,12.95929],[102.41962,12.95179],[102.41522,12.94131],[102.42035,12.93002],[102.42302,12.92846],[102.42233,12.92317],[102.42451,12.92098],[102.41753,12.91134],[102.42097,12.90187],[102.43279,12.89314],[102.43518,12.88238],[102.43753,12.88141],[102.43532,12.85907],[102.44274,12.85087],[102.44351,12.84626],[102.44896,12.84472],[102.45409,12.83313],[102.45124,12.82583],[102.45242,12.81294],[102.45592,12.79664],[102.46306,12.78961],[102.46181,12.77351],[102.46422,12.76071],[102.45543,12.76080],[102.44427,12.75698],[102.43260,12.76491],[102.42595,12.76326],[102.42556,12.75794],[102.42377,12.75767],[102.41722,12.76842],[102.40907,12.77272],[102.39286,12.75663],[102.37792,12.76362],[102.37081,12.7808],[102.37501,12.78645],[102.37313,12.79465],[102.35502,12.81106],[102.35071,12.81298],[102.34331,12.80991],[102.32752,12.81372],[102.32673,12.82365],[102.33064,12.83802],[102.32882,12.84780],[102.32212,12.86111],[102.32368,12.86501],[102.31534,12.87271],[102.31955,12.88328],[102.31892,12.89199],[102.31552,12.89388],[102.31470,12.89121],[102.31170,12.88973],[102.30958,12.89583],[102.30691,12.89608],[102.30625,12.89800],[102.30800,12.90122],[102.30592,12.90085],[102.30743,12.90554],[102.30462,12.90562],[102.30507,12.90898],[102.30071,12.91357],[102.30892,12.91584],[102.30676,12.91698],[102.31111,12.92617],[102.31105,12.97020],[102.32085,13.00578],[102.32771,13.00347],[102.33350,13.00526],[102.33643,13.00390],[102.36170,13.01176],[102.38526,13.01353],[102.39108,13.01714],[102.39551,13.01655],[102.40130,13.02240],[102.40679,13.02239],[102.41148,13.02851],[102.41554,13.02800]]]}},{"type":"Feature","properties":{"id":"TH220404"},"geometry":{"type":"Polygon","coordinates":[[[102.39673,13.16126],[102.40131,13.15861],[102.40143,13.15181],[102.41232,13.14218],[102.41463,13.14266],[102.41751,13.13746],[102.41665,13.12463],[102.41816,13.12371],[102.40710,13.12636],[102.39219,13.13400],[102.40041,13.12191],[102.40503,13.11059],[102.40116,13.09986],[102.40537,13.08779],[102.41174,13.08471],[102.41750,13.07764],[102.42604,13.05455],[102.43156,13.04596],[102.43745,13.02478],[102.44230,13.02275],[102.43464,13.00048],[102.42862,12.99681],[102.42103,12.99545],[102.40886,12.99905],[102.41005,13.01993],[102.41556,13.02788],[102.41295,13.02896],[102.40679,13.02239],[102.40130,13.02240],[102.39551,13.01655],[102.39108,13.01714],[102.38526,13.01353],[102.36170,13.01176],[102.33643,13.00390],[102.33350,13.00526],[102.32771,13.00347],[102.32085,13.00578],[102.31815,13.01018],[102.30801,13.01783],[102.30459,13.02396],[102.30874,13.02916],[102.31392,13.02918],[102.33710,13.04447],[102.34028,13.04997],[102.33910,13.05094],[102.35094,13.05440],[102.35196,13.05800],[102.35756,13.06360],[102.35668,13.06651],[102.36243,13.06960],[102.36201,13.07835],[102.35909,13.08093],[102.35839,13.08692],[102.35619,13.08876],[102.35562,13.09487],[102.35862,13.09812],[102.35639,13.10072],[102.35804,13.10198],[102.35668,13.10954],[102.34988,13.11243],[102.34822,13.11687],[102.33417,13.12115],[102.33177,13.12463],[102.34529,13.12834],[102.35556,13.13943],[102.35510,13.14187],[102.35876,13.14565],[102.35921,13.1514],[102.36388,13.15603],[102.38024,13.15181],[102.39393,13.15779],[102.39673,13.16126]]]}},{"type":"Feature","properties":{"id":"TH220409"},"geometry":{"type":"Polygon","coordinates":[[[102.39703,13.13032],[102.39944,13.13069],[102.41939,13.12163],[102.42481,13.11233],[102.42474,13.10929],[102.42946,13.10653],[102.43377,13.10036],[102.43306,13.09474],[102.43773,13.08651],[102.44624,13.08649],[102.45114,13.08307],[102.45847,13.08300],[102.494,13.01414],[102.51632,13.00614],[102.52476,13.00572],[102.53009,13.00212],[102.52909,13.00006],[102.52557,13.00176],[102.52660,12.99972],[102.52099,12.99949],[102.52327,12.99783],[102.51675,12.99542],[102.51679,12.99136],[102.51335,12.99100],[102.50816,12.99473],[102.50288,12.99209],[102.50034,12.98682],[102.48695,12.98254],[102.46749,12.99438],[102.42744,12.99489],[102.42793,12.99724],[102.43464,13.00048],[102.44230,13.02275],[102.43745,13.02478],[102.43156,13.04596],[102.42604,13.05455],[102.41750,13.07764],[102.41174,13.08471],[102.40537,13.08779],[102.40116,13.09986],[102.40503,13.11059],[102.40041,13.12191],[102.39219,13.13400],[102.39703,13.13032]]]}},{"type":"Feature","properties":{"id":"TH220410"},"geometry":{"type":"Polygon","coordinates":[[[102.46749,12.99438],[102.48503,12.98427],[102.49193,12.97097],[102.49455,12.97083],[102.49706,12.95280],[102.48642,12.94852],[102.49737,12.92097],[102.50166,12.91494],[102.50308,12.90104],[102.51059,12.89615],[102.50734,12.89228],[102.50656,12.8865],[102.50856,12.88467],[102.50544,12.87913],[102.50783,12.86607],[102.50312,12.86445],[102.49875,12.85735],[102.50188,12.84927],[102.51424,12.84202],[102.51655,12.82702],[102.52234,12.81920],[102.52616,12.81852],[102.53254,12.81165],[102.52900,12.79964],[102.52968,12.79449],[102.53642,12.78456],[102.53284,12.77387],[102.53454,12.77042],[102.52695,12.76402],[102.52138,12.75478],[102.51761,12.75196],[102.48855,12.75667],[102.48038,12.75266],[102.46422,12.76071],[102.46181,12.77351],[102.46306,12.78961],[102.45592,12.79664],[102.45242,12.81294],[102.45124,12.82583],[102.45409,12.83313],[102.44896,12.84472],[102.44351,12.84626],[102.44274,12.85087],[102.43532,12.85907],[102.43753,12.88141],[102.43518,12.88238],[102.43279,12.89314],[102.42097,12.90187],[102.41753,12.91134],[102.42451,12.92098],[102.42233,12.92317],[102.42302,12.92846],[102.42035,12.93002],[102.41522,12.94131],[102.41962,12.95179],[102.41858,12.95929],[102.42724,12.95787],[102.43733,12.95993],[102.44540,12.96634],[102.42744,12.99489],[102.46749,12.99438]]]}},{"type":"Feature","properties":{"id":"TH220501"},"geometry":{"type":"Polygon","coordinates":[[[102.19507,12.74018],[102.20207,12.73976],[102.21015,12.72746],[102.21023,12.71546],[102.21443,12.69489],[102.22529,12.68769],[102.21943,12.68322],[102.21703,12.67690],[102.20117,12.66146],[102.18663,12.62449],[102.18163,12.62664],[102.17376,12.62308],[102.16394,12.62568],[102.15338,12.63700],[102.15493,12.63916],[102.15383,12.65231],[102.15540,12.65763],[102.16059,12.66045],[102.16163,12.66590],[102.16559,12.66549],[102.16746,12.66823],[102.16692,12.67113],[102.16418,12.67082],[102.16147,12.67475],[102.17061,12.67944],[102.16663,12.68281],[102.16766,12.69050],[102.17214,12.69103],[102.17677,12.69530],[102.17387,12.70231],[102.18204,12.70742],[102.18172,12.71222],[102.18511,12.71504],[102.18285,12.71699],[102.18422,12.72667],[102.18248,12.72802],[102.18642,12.73002],[102.18613,12.73321],[102.18980,12.73233],[102.18968,12.73458],[102.19382,12.73637],[102.19507,12.74018]]]}},{"type":"Feature","properties":{"id":"TH220502"},"geometry":{"type":"Polygon","coordinates":[[[102.10836,12.74275],[102.14218,12.73697],[102.15922,12.72663],[102.16112,12.72272],[102.17117,12.71617],[102.18521,12.71648],[102.18172,12.71222],[102.18204,12.70742],[102.17387,12.70231],[102.17677,12.69530],[102.17214,12.69103],[102.16766,12.69050],[102.16663,12.68281],[102.17061,12.67944],[102.16147,12.67475],[102.16418,12.67082],[102.16692,12.67113],[102.16746,12.66823],[102.16559,12.66549],[102.16163,12.66590],[102.16059,12.66045],[102.15540,12.65763],[102.15383,12.65231],[102.15472,12.63830],[102.14329,12.63573],[102.14232,12.63945],[102.13472,12.63368],[102.13343,12.64046],[102.13734,12.64239],[102.13911,12.64601],[102.14347,12.64669],[102.14542,12.65304],[102.14275,12.65499],[102.14719,12.65847],[102.14909,12.66508],[102.14519,12.66916],[102.14604,12.67224],[102.14375,12.67713],[102.13831,12.68187],[102.13632,12.69045],[102.13025,12.69867],[102.12624,12.71764],[102.12117,12.72078],[102.11869,12.72595],[102.11252,12.72639],[102.10679,12.73383],[102.10142,12.73556],[102.10836,12.74275]]]}},{"type":"Feature","properties":{"id":"TH220503"},"geometry":{"type":"Polygon","coordinates":[[[102.23951,12.86139],[102.24866,12.86110],[102.26370,12.85368],[102.26230,12.83837],[102.26351,12.83414],[102.26586,12.83535],[102.26593,12.83980],[102.26997,12.84411],[102.26927,12.84617],[102.27916,12.83502],[102.28090,12.82058],[102.28324,12.82146],[102.28569,12.81954],[102.28916,12.82279],[102.29710,12.82412],[102.30619,12.83347],[102.31003,12.83087],[102.30814,12.82453],[102.32009,12.81296],[102.32600,12.79790],[102.31589,12.76128],[102.31585,12.75500],[102.32574,12.74056],[102.32556,12.73742],[102.32161,12.73351],[102.33387,12.72154],[102.33348,12.71771],[102.32884,12.71457],[102.31583,12.71959],[102.30842,12.71766],[102.30746,12.71507],[102.30186,12.72200],[102.30048,12.72176],[102.29982,12.71614],[102.29459,12.71927],[102.28994,12.71733],[102.28644,12.72158],[102.28176,12.71964],[102.27929,12.71467],[102.27609,12.71640],[102.27795,12.71413],[102.27645,12.71025],[102.28065,12.70845],[102.28209,12.70369],[102.28009,12.70025],[102.28095,12.69658],[102.28360,12.69483],[102.28142,12.68979],[102.28193,12.68373],[102.28890,12.67490],[102.28752,12.67281],[102.29227,12.66513],[102.29050,12.66169],[102.29429,12.66075],[102.2946,12.65245],[102.29908,12.65143],[102.29598,12.64000],[102.28842,12.64000],[102.28513,12.63809],[102.26894,12.64245],[102.26043,12.63878],[102.25096,12.65986],[102.23860,12.67918],[102.21443,12.69489],[102.21023,12.71546],[102.21005,12.73470],[102.22534,12.75742],[102.23082,12.75980],[102.23396,12.77179],[102.24116,12.78156],[102.24804,12.8196],[102.25069,12.83045],[102.25343,12.83427],[102.24868,12.84194],[102.24401,12.84342],[102.23977,12.85558],[102.23951,12.86139]]]}},{"type":"Feature","properties":{"id":"TH220504"},"geometry":{"type":"Polygon","coordinates":[[[102.18464,12.81264],[102.19446,12.80484],[102.19286,12.79968],[102.19825,12.79639],[102.19639,12.79386],[102.19774,12.79008],[102.20322,12.78771],[102.19534,12.76944],[102.20172,12.74424],[102.20105,12.74052],[102.19507,12.74018],[102.19382,12.73637],[102.18968,12.73458],[102.18980,12.73233],[102.18613,12.73321],[102.18642,12.73002],[102.18248,12.72802],[102.18422,12.72667],[102.18285,12.71699],[102.17117,12.71617],[102.16112,12.72272],[102.15922,12.72663],[102.14218,12.73697],[102.10836,12.74275],[102.11372,12.74714],[102.11873,12.74760],[102.12114,12.76384],[102.12916,12.77833],[102.14838,12.78224],[102.15926,12.78725],[102.16897,12.79748],[102.16908,12.80409],[102.17971,12.80576],[102.18464,12.81264]]]}},{"type":"Feature","properties":{"id":"TH220506"},"geometry":{"type":"Polygon","coordinates":[[[102.24013,12.88026],[102.23977,12.85558],[102.24401,12.84342],[102.24868,12.84194],[102.25343,12.83427],[102.25069,12.83045],[102.24804,12.8196],[102.24116,12.78156],[102.23396,12.77179],[102.23082,12.75980],[102.22534,12.75742],[102.21139,12.73807],[102.21015,12.72746],[102.20105,12.74052],[102.20164,12.74486],[102.19577,12.76370],[102.19534,12.76944],[102.20322,12.78771],[102.19774,12.79008],[102.19639,12.79386],[102.19825,12.79639],[102.19240,12.80058],[102.19446,12.80484],[102.18788,12.80819],[102.18464,12.81264],[102.19432,12.83553],[102.19177,12.86410],[102.2142,12.88063],[102.22016,12.88077],[102.23352,12.88515],[102.24013,12.88026]]]}},{"type":"Feature","properties":{"id":"TH220508"},"geometry":{"type":"Polygon","coordinates":[[[102.22529,12.68769],[102.23860,12.67918],[102.25096,12.65986],[102.26043,12.63878],[102.24926,12.62402],[102.24371,12.62210],[102.21375,12.59065],[102.21097,12.59044],[102.20663,12.60026],[102.19793,12.61228],[102.19885,12.61495],[102.18663,12.62449],[102.20117,12.66146],[102.21703,12.67690],[102.21943,12.68322],[102.22529,12.68769]]]}},{"type":"Feature","properties":{"id":"TH220601"},"geometry":{"type":"Polygon","coordinates":[[[102.07736,12.51072],[102.08404,12.50641],[102.08274,12.49913],[102.09142,12.49759],[102.10177,12.49227],[102.10637,12.48133],[102.11681,12.47843],[102.13773,12.48313],[102.14166,12.48060],[102.13939,12.47302],[102.14288,12.46796],[102.14133,12.46083],[102.14261,12.45648],[102.13797,12.45299],[102.13630,12.44304],[102.14095,12.43695],[102.12508,12.42802],[102.11803,12.43138],[102.10222,12.45410],[102.09425,12.46030],[102.09273,12.45953],[102.09230,12.46253],[102.07769,12.47332],[102.06101,12.48075],[102.05961,12.48539],[102.06566,12.51298],[102.07736,12.51072]]]}},{"type":"Feature","properties":{"id":"TH220602"},"geometry":{"type":"MultiPolygon","coordinates":[[[[102.13385,12.39544],[102.13117,12.39324],[102.13421,12.39824],[102.13385,12.39544]]],[[[102.11093,12.42259],[102.10844,12.42283],[102.11083,12.42541],[102.11159,12.42524],[102.11093,12.42259]]],[[[102.14360,12.43685],[102.14002,12.43068],[102.14000,12.42450],[102.15206,12.42426],[102.19350,12.37079],[102.20597,12.37543],[102.21150,12.36874],[102.20887,12.36532],[102.20635,12.36565],[102.20200,12.35861],[102.19803,12.35874],[102.17913,12.38047],[102.16038,12.39789],[102.15693,12.39829],[102.14379,12.40754],[102.13283,12.41255],[102.12718,12.41126],[102.12654,12.40456],[102.11942,12.40798],[102.11942,12.41251],[102.12510,12.41203],[102.12631,12.41663],[102.12508,12.42802],[102.14095,12.43695],[102.14360,12.43685]]]]}},{"type":"Feature","properties":{"id":"TH220603"},"geometry":{"type":"Polygon","coordinates":[[[102.14558,12.48375],[102.15846,12.47561],[102.16348,12.47489],[102.16573,12.47037],[102.16808,12.46997],[102.16210,12.46027],[102.16954,12.45590],[102.16658,12.44935],[102.18089,12.43694],[102.19329,12.43148],[102.21373,12.43913],[102.21736,12.43834],[102.22185,12.42025],[102.20448,12.39862],[102.20291,12.38583],[102.20597,12.37543],[102.19350,12.37079],[102.15206,12.42426],[102.14000,12.42450],[102.14002,12.43068],[102.14358,12.43677],[102.14009,12.43731],[102.13630,12.44304],[102.13797,12.45299],[102.14261,12.45648],[102.14133,12.46083],[102.14288,12.46796],[102.13939,12.47302],[102.14166,12.48060],[102.14558,12.48375]]]}},{"type":"Feature","properties":{"id":"TH220604"},"geometry":{"type":"Polygon","coordinates":[[[102.18229,12.52938],[102.18435,12.51729],[102.17762,12.51375],[102.17028,12.51313],[102.16615,12.50569],[102.15606,12.5024],[102.14887,12.49734],[102.14752,12.49444],[102.14991,12.48076],[102.14588,12.48379],[102.14166,12.48060],[102.13713,12.48280],[102.13856,12.49680],[102.13626,12.50513],[102.13861,12.51092],[102.14170,12.51149],[102.14303,12.51755],[102.14998,12.52175],[102.15186,12.52102],[102.15294,12.52574],[102.15898,12.52786],[102.17007,12.52207],[102.18229,12.52938]]]}},{"type":"Feature","properties":{"id":"TH220605"},"geometry":{"type":"Polygon","coordinates":[[[102.12717,12.53011],[102.13334,12.51515],[102.13880,12.51101],[102.13626,12.50513],[102.13856,12.49680],[102.13713,12.48280],[102.11681,12.47843],[102.10637,12.48133],[102.10177,12.49227],[102.11159,12.49957],[102.12193,12.51299],[102.12124,12.51656],[102.11905,12.51627],[102.11725,12.51943],[102.12717,12.53011]]]}},{"type":"Feature","properties":{"id":"TH220606"},"geometry":{"type":"Polygon","coordinates":[[[102.10963,12.52289],[102.11203,12.52438],[102.11382,12.52270],[102.11315,12.51915],[102.11656,12.51995],[102.12240,12.51438],[102.11159,12.49957],[102.10177,12.49227],[102.09142,12.49759],[102.08274,12.49913],[102.08404,12.50641],[102.07541,12.51107],[102.06566,12.51298],[102.07107,12.52470],[102.09189,12.52125],[102.10713,12.52643],[102.10963,12.52289]]]}},{"type":"Feature","properties":{"id":"TH220607"},"geometry":{"type":"MultiPolygon","coordinates":[[[[102.06637,12.46560],[102.06587,12.46477],[102.06535,12.46549],[102.06637,12.46560]]],[[[102.02448,12.45978],[102.02069,12.46317],[102.02254,12.46666],[102.02559,12.46353],[102.02448,12.45978]]],[[[102.01085,12.55231],[102.02265,12.54478],[102.02333,12.5407],[102.03414,12.54077],[102.06356,12.53348],[102.07107,12.52470],[102.06213,12.50177],[102.05961,12.48539],[102.05637,12.48113],[102.06060,12.47021],[102.05933,12.46876],[102.05712,12.46826],[102.05108,12.47279],[102.04291,12.47283],[102.04022,12.48189],[102.04632,12.48577],[102.04658,12.49043],[102.04476,12.49122],[102.03591,12.48656],[102.03731,12.49155],[102.04309,12.49305],[102.04283,12.49768],[102.03041,12.51369],[102.00836,12.53013],[101.98905,12.53923],[101.97761,12.54753],[101.97965,12.54675],[101.98094,12.54880],[101.98893,12.54569],[102.01085,12.55231]]]]}},{"type":"Feature","properties":{"id":"TH220701"},"geometry":{"type":"Polygon","coordinates":[[[102.26890,13.23188],[102.26435,13.22097],[102.26186,13.21916],[102.26478,13.21581],[102.26231,13.21287],[102.26362,13.21034],[102.26058,13.20642],[102.25762,13.20662],[102.25540,13.20348],[102.25110,13.20226],[102.24975,13.19509],[102.25425,13.17619],[102.25011,13.17539],[102.24854,13.17181],[102.25277,13.17013],[102.25701,13.16390],[102.25371,13.16050],[102.25547,13.15308],[102.24968,13.15234],[102.24784,13.14740],[102.25307,13.14048],[102.24531,13.13441],[102.23928,13.13384],[102.23659,13.13092],[102.23215,13.13124],[102.22978,13.12628],[102.22727,13.12700],[102.22537,13.12092],[102.21850,13.12195],[102.21762,13.12406],[102.20837,13.12404],[102.20670,13.12577],[102.19717,13.12443],[102.19370,13.12695],[102.18747,13.12360],[102.18288,13.12331],[102.17980,13.12519],[102.16956,13.12377],[102.15303,13.12897],[102.15064,13.13296],[102.12413,13.12873],[102.1139,13.14566],[102.11566,13.15527],[102.12161,13.15316],[102.12732,13.15403],[102.13697,13.15891],[102.13479,13.16297],[102.13877,13.17305],[102.13374,13.17571],[102.13306,13.17824],[102.13812,13.18518],[102.12837,13.19761],[102.13117,13.20111],[102.13827,13.20305],[102.15172,13.20228],[102.16157,13.20664],[102.16446,13.21206],[102.17224,13.21390],[102.17858,13.21103],[102.18958,13.21254],[102.22182,13.22121],[102.22613,13.22071],[102.23059,13.22361],[102.23962,13.22191],[102.24650,13.22495],[102.24814,13.22314],[102.25607,13.22215],[102.26890,13.23188]]]}},{"type":"Feature","properties":{"id":"TH220702"},"geometry":{"type":"Polygon","coordinates":[[[102.35357,13.29894],[102.35038,13.29005],[102.34974,13.27273],[102.35906,13.26976],[102.36598,13.26283],[102.36810,13.25031],[102.37120,13.24974],[102.37186,13.24345],[102.37730,13.24131],[102.37636,13.23129],[102.3848,13.22213],[102.38909,13.21388],[102.39399,13.19667],[102.37016,13.19382],[102.34573,13.19616],[102.33269,13.19138],[102.31188,13.17929],[102.29898,13.17608],[102.29569,13.17355],[102.28455,13.17482],[102.27384,13.17290],[102.25971,13.17318],[102.25448,13.17473],[102.24975,13.19509],[102.25110,13.20226],[102.25540,13.20348],[102.25762,13.20662],[102.26058,13.20642],[102.26362,13.21034],[102.26231,13.21287],[102.26478,13.21581],[102.26186,13.21916],[102.26435,13.22097],[102.26926,13.23274],[102.27376,13.23468],[102.27288,13.23826],[102.27466,13.24088],[102.27308,13.24236],[102.27827,13.25536],[102.28158,13.25689],[102.28353,13.26058],[102.28555,13.26043],[102.28877,13.26752],[102.29195,13.26595],[102.29092,13.26765],[102.29279,13.26912],[102.29114,13.27039],[102.29331,13.27459],[102.29060,13.27664],[102.29534,13.28453],[102.29352,13.29110],[102.28906,13.29415],[102.28823,13.29702],[102.29166,13.30052],[102.29565,13.29889],[102.29798,13.29601],[102.29668,13.29027],[102.30162,13.28912],[102.30340,13.29037],[102.31149,13.28711],[102.31809,13.29473],[102.32323,13.29464],[102.32737,13.30484],[102.32508,13.30812],[102.33324,13.31647],[102.35357,13.29894]]]}},{"type":"Feature","properties":{"id":"TH220703"},"geometry":{"type":"Polygon","coordinates":[[[102.13072,13.33547],[102.13771,13.33276],[102.13868,13.32827],[102.14998,13.31910],[102.16406,13.32418],[102.16839,13.32347],[102.17290,13.31836],[102.18150,13.31415],[102.18386,13.30449],[102.19024,13.29864],[102.18861,13.29280],[102.19002,13.29187],[102.19455,13.29622],[102.21244,13.30365],[102.21618,13.31100],[102.21888,13.30378],[102.22834,13.30183],[102.23212,13.29259],[102.24441,13.28572],[102.25564,13.28470],[102.26054,13.28765],[102.27749,13.29005],[102.28211,13.30133],[102.28654,13.30429],[102.28799,13.29873],[102.29112,13.30007],[102.28787,13.29645],[102.29352,13.29110],[102.29534,13.28453],[102.29060,13.27664],[102.29331,13.27459],[102.29114,13.27039],[102.29279,13.26912],[102.29092,13.26765],[102.29195,13.26595],[102.28877,13.26752],[102.28555,13.26043],[102.28353,13.26058],[102.28158,13.25689],[102.27827,13.25536],[102.27308,13.24236],[102.27466,13.24088],[102.27288,13.23826],[102.27376,13.23468],[102.25607,13.22215],[102.24814,13.22314],[102.24650,13.22495],[102.23962,13.22191],[102.23059,13.22361],[102.22613,13.22071],[102.22182,13.22121],[102.18958,13.21254],[102.17858,13.21103],[102.17224,13.21390],[102.16446,13.21206],[102.16157,13.20664],[102.15172,13.20228],[102.13827,13.20305],[102.12151,13.19559],[102.09371,13.19439],[102.0887,13.18964],[102.08136,13.18716],[102.07395,13.18758],[102.04966,13.16943],[102.04976,13.16066],[102.04303,13.16178],[102.03260,13.16866],[102.03198,13.17248],[102.02979,13.17320],[102.03414,13.18264],[102.03581,13.18270],[102.03877,13.19471],[102.03348,13.19603],[102.03154,13.20166],[102.03295,13.20679],[102.03183,13.21108],[102.03600,13.21950],[102.03007,13.22016],[102.03065,13.22415],[102.02615,13.23073],[102.04337,13.24241],[102.05067,13.24108],[102.06038,13.24519],[102.06155,13.25187],[102.06876,13.25083],[102.0708,13.25507],[102.07662,13.25346],[102.08143,13.25819],[102.10355,13.26167],[102.11129,13.26725],[102.11429,13.27530],[102.11596,13.27489],[102.11814,13.27760],[102.11715,13.27932],[102.11908,13.28325],[102.11739,13.28412],[102.11913,13.28626],[102.11763,13.28893],[102.11949,13.29305],[102.11809,13.29609],[102.1198,13.29736],[102.11805,13.29825],[102.11977,13.30198],[102.11854,13.30359],[102.12403,13.31016],[102.12226,13.31172],[102.12525,13.31366],[102.12529,13.31835],[102.12768,13.31921],[102.12917,13.32623],[102.12634,13.32733],[102.12782,13.32994],[102.12661,13.33180],[102.12789,13.33478],[102.13072,13.33547]]]}},{"type":"Feature","properties":{"id":"TH220704"},"geometry":{"type":"Polygon","coordinates":[[[102.25453,13.17470],[102.27384,13.17290],[102.29021,13.17455],[102.28837,13.15338],[102.29438,13.15021],[102.28355,13.13607],[102.29044,13.12464],[102.29836,13.12094],[102.30038,13.11749],[102.30926,13.11137],[102.31336,13.11223],[102.31671,13.11697],[102.31874,13.11546],[102.32351,13.11644],[102.32683,13.12384],[102.32929,13.12483],[102.33177,13.12463],[102.33417,13.12115],[102.34822,13.11687],[102.34988,13.11243],[102.35668,13.10954],[102.35804,13.10198],[102.35639,13.10072],[102.35862,13.09812],[102.35562,13.09487],[102.35619,13.08876],[102.35839,13.08692],[102.35909,13.08093],[102.36201,13.07835],[102.36243,13.06960],[102.35668,13.06651],[102.35756,13.06360],[102.35196,13.05800],[102.35094,13.05440],[102.33600,13.05110],[102.32634,13.04529],[102.32127,13.04680],[102.31614,13.04626],[102.31406,13.04361],[102.30407,13.04497],[102.30204,13.04324],[102.29256,13.04303],[102.28806,13.03998],[102.27956,13.04116],[102.27185,13.03918],[102.24459,13.04262],[102.23898,13.03963],[102.23367,13.03994],[102.21625,13.05483],[102.21393,13.04763],[102.16432,13.05493],[102.15479,13.06089],[102.15574,13.06424],[102.15272,13.08625],[102.14183,13.10946],[102.14577,13.11231],[102.15187,13.12696],[102.15354,13.12875],[102.16956,13.12377],[102.17980,13.12519],[102.18288,13.12331],[102.19370,13.12695],[102.19717,13.12443],[102.20670,13.12577],[102.20837,13.12404],[102.21762,13.12406],[102.21850,13.12195],[102.22537,13.12092],[102.22727,13.12700],[102.22978,13.12628],[102.23215,13.13124],[102.23659,13.13092],[102.23928,13.13384],[102.24531,13.13441],[102.25307,13.14048],[102.24784,13.14740],[102.24968,13.15234],[102.25547,13.15308],[102.25371,13.16050],[102.25701,13.16390],[102.25277,13.17013],[102.24854,13.17181],[102.25011,13.17539],[102.25425,13.17619],[102.25453,13.17470]]]}},{"type":"Feature","properties":{"id":"TH220705"},"geometry":{"type":"Polygon","coordinates":[[[102.35020,13.19652],[102.37016,13.19382],[102.38800,13.19568],[102.39483,13.19468],[102.39188,13.18478],[102.39305,13.17807],[102.39610,13.17544],[102.39794,13.16581],[102.39936,13.16603],[102.39966,13.15905],[102.39673,13.16126],[102.39393,13.15779],[102.38024,13.15181],[102.36388,13.15603],[102.35921,13.1514],[102.35876,13.14565],[102.35510,13.14187],[102.35556,13.13943],[102.34529,13.12834],[102.32683,13.12384],[102.32351,13.11644],[102.31874,13.11546],[102.31671,13.11697],[102.31336,13.11223],[102.30926,13.11137],[102.30038,13.11749],[102.29836,13.12094],[102.29044,13.12464],[102.28355,13.13607],[102.29438,13.15021],[102.28837,13.15338],[102.29023,13.17340],[102.29569,13.17355],[102.29898,13.17608],[102.31188,13.17929],[102.33269,13.19138],[102.35020,13.19652]]]}},{"type":"Feature","properties":{"id":"TH220801"},"geometry":{"type":"Polygon","coordinates":[[[101.97678,12.98528],[101.96490,12.98140],[101.96128,12.97696],[101.96122,12.96339],[101.97063,12.95404],[101.97145,12.94563],[101.96852,12.93875],[101.96381,12.93654],[101.96609,12.93190],[101.96482,12.92407],[101.95725,12.91266],[101.95943,12.90419],[101.94787,12.90549],[101.94663,12.90316],[101.93859,12.90748],[101.94102,12.91289],[101.93745,12.91330],[101.93606,12.92124],[101.93261,12.92258],[101.92453,12.91987],[101.92371,12.92261],[101.91957,12.92218],[101.90924,12.92641],[101.90122,12.92590],[101.901,12.92339],[101.88192,12.91829],[101.87579,12.91411],[101.86086,12.91182],[101.86629,12.91485],[101.86665,12.92364],[101.86998,12.92398],[101.86935,12.92706],[101.87240,12.92923],[101.87105,12.93187],[101.87575,12.93570],[101.86987,12.94194],[101.87638,12.94219],[101.88559,12.94677],[101.89366,12.95790],[101.88973,12.96167],[101.88835,12.96944],[101.88425,12.96963],[101.88049,12.97344],[101.87803,12.96682],[101.87482,12.96708],[101.87071,12.97022],[101.86807,12.98004],[101.86368,12.97909],[101.86043,12.97537],[101.85839,12.97896],[101.86087,13.04689],[101.87854,13.03131],[101.88842,13.03103],[101.89268,13.02788],[101.89631,13.02770],[101.90054,13.03110],[101.90187,13.03681],[101.90094,13.05070],[101.91076,13.04762],[101.91132,13.05092],[101.91463,13.05036],[101.91520,13.04705],[101.91342,13.04579],[101.91537,13.04047],[101.91194,13.03420],[101.91303,13.03134],[101.91702,13.02886],[101.92047,13.03062],[101.92340,13.02821],[101.92539,13.02940],[101.93022,13.02516],[101.93894,13.02274],[101.94265,13.02039],[101.94272,13.01805],[101.94777,13.01276],[101.96247,13.01018],[101.96842,13.00482],[101.97678,12.98528]]]}},{"type":"Feature","properties":{"id":"TH220802"},"geometry":{"type":"Polygon","coordinates":[[[102.01117,13.29185],[102.02170,13.28671],[102.02612,13.28801],[102.03228,13.28666],[102.03608,13.27793],[102.02969,13.25978],[102.02976,13.24938],[102.02801,13.24725],[102.02615,13.23073],[102.03065,13.22415],[102.03007,13.22016],[102.03600,13.21950],[102.03183,13.21108],[102.03295,13.20679],[102.03154,13.20166],[102.03348,13.19603],[102.03877,13.19471],[102.03581,13.18270],[102.03414,13.18264],[102.02979,13.17320],[102.03198,13.17248],[102.03260,13.16866],[102.04824,13.16010],[102.04371,13.15117],[102.04859,13.14612],[102.05592,13.13106],[102.05814,13.11761],[102.05247,13.09912],[102.04968,13.09975],[102.04167,13.09081],[102.03243,13.08885],[102.02936,13.07558],[102.01967,13.07190],[102.01777,13.06880],[102.01245,13.06854],[102.01086,13.06623],[102.01331,13.06720],[102.01701,13.06261],[102.01696,13.05725],[102.02218,13.05166],[102.01955,13.04569],[102.02019,13.01572],[102.01498,13.01756],[102.01154,13.01514],[102.01153,13.00858],[102.00395,13.00011],[102.00227,12.98934],[101.99987,12.98810],[101.98808,12.96873],[101.98196,12.97325],[101.98072,12.97949],[101.97029,12.99826],[101.97031,13.00149],[101.96247,13.01018],[101.94777,13.01276],[101.94272,13.01805],[101.94265,13.02039],[101.93894,13.02274],[101.93022,13.02516],[101.92539,13.02940],[101.92340,13.02821],[101.92047,13.03062],[101.91702,13.02886],[101.91303,13.03134],[101.91194,13.03420],[101.91537,13.04047],[101.91342,13.04579],[101.91520,13.04705],[101.91463,13.05036],[101.91132,13.05092],[101.91076,13.04762],[101.90094,13.05070],[101.90187,13.03681],[101.90054,13.03110],[101.89631,13.02770],[101.89268,13.02788],[101.88842,13.03103],[101.87854,13.03131],[101.86087,13.04689],[101.86194,13.05182],[101.87125,13.0567],[101.86657,13.07044],[101.87193,13.09624],[101.87731,13.10502],[101.87222,13.13376],[101.87571,13.14588],[101.87665,13.18356],[101.87614,13.18965],[101.87202,13.19432],[101.87438,13.20722],[101.86892,13.21787],[101.87735,13.22290],[101.87842,13.22983],[101.88348,13.23662],[101.88674,13.23626],[101.89139,13.22655],[101.90004,13.23880],[101.90030,13.24140],[101.89626,13.24460],[101.89840,13.26184],[101.90443,13.26803],[101.90569,13.27269],[101.90430,13.28677],[101.92368,13.29220],[101.92797,13.28710],[101.93169,13.28641],[101.93386,13.29048],[101.94152,13.29158],[101.95587,13.30197],[101.96773,13.32442],[101.98379,13.33174],[101.98994,13.33100],[101.99496,13.32069],[102.00279,13.31433],[102.01117,13.29185]]]}},{"type":"Feature","properties":{"id":"TH220803"},"geometry":{"type":"Polygon","coordinates":[[[101.85203,13.04787],[101.85441,13.04942],[101.86092,13.04661],[101.85839,12.97896],[101.86043,12.97537],[101.86368,12.97909],[101.86807,12.98004],[101.87071,12.97022],[101.87482,12.96708],[101.87803,12.96682],[101.88049,12.97344],[101.88425,12.96963],[101.88835,12.96944],[101.88973,12.96167],[101.89366,12.95798],[101.88559,12.94677],[101.87638,12.94219],[101.86987,12.94194],[101.87575,12.93570],[101.87105,12.93187],[101.87240,12.92923],[101.86935,12.92706],[101.86998,12.92398],[101.86665,12.92364],[101.86629,12.91485],[101.86086,12.91182],[101.85787,12.91964],[101.85135,12.92043],[101.85062,12.92285],[101.84791,12.92315],[101.84084,12.91872],[101.83651,12.91999],[101.83753,12.92161],[101.83466,12.92164],[101.83468,12.92310],[101.82998,12.92364],[101.83055,12.93136],[101.82415,12.93993],[101.82612,12.94284],[101.82564,12.94613],[101.82033,12.94651],[101.81657,12.95044],[101.81379,12.94957],[101.80797,12.95475],[101.80331,12.95599],[101.79632,12.95302],[101.79698,12.96497],[101.79177,12.97967],[101.79267,13.00022],[101.79641,13.00032],[101.79775,12.99843],[101.80227,13.00091],[101.80737,13.00069],[101.80717,12.99869],[101.81203,12.99813],[101.81417,13.00148],[101.81601,12.99998],[101.81538,13.00279],[101.82033,13.00767],[101.82348,13.00584],[101.82736,13.01258],[101.83109,13.01139],[101.83017,13.01471],[101.83669,13.01454],[101.83720,13.01695],[101.83279,13.01805],[101.83124,13.02201],[101.83662,13.02868],[101.83464,13.03158],[101.83785,13.03765],[101.83595,13.03747],[101.83499,13.04175],[101.84620,13.05010],[101.85203,13.04787]]]}},{"type":"Feature","properties":{"id":"TH220804"},"geometry":{"type":"Polygon","coordinates":[[[101.86213,13.24791],[101.87017,13.25264],[101.87294,13.23543],[101.87115,13.21924],[101.86892,13.21787],[101.87438,13.20722],[101.87202,13.19432],[101.87614,13.18965],[101.87665,13.18356],[101.87571,13.14588],[101.87222,13.13376],[101.87731,13.10502],[101.87193,13.09624],[101.86657,13.07044],[101.87125,13.0567],[101.86194,13.05182],[101.86087,13.04689],[101.84620,13.05010],[101.83499,13.04175],[101.83595,13.03747],[101.83785,13.03765],[101.83464,13.03158],[101.83662,13.02868],[101.83124,13.02201],[101.83279,13.01805],[101.83720,13.01695],[101.83669,13.01454],[101.83017,13.01471],[101.83109,13.01139],[101.82736,13.01258],[101.82348,13.00584],[101.82033,13.00767],[101.81538,13.00279],[101.81601,12.99998],[101.81417,13.00148],[101.81203,12.99813],[101.80717,12.99869],[101.80737,13.00069],[101.80227,13.00091],[101.79775,12.99843],[101.79641,13.00032],[101.79267,13.00022],[101.79177,12.97967],[101.79698,12.96497],[101.79632,12.95302],[101.77885,12.95762],[101.76892,12.94580],[101.75853,12.94027],[101.75416,12.94225],[101.75317,12.94996],[101.74558,12.95256],[101.73884,12.95906],[101.74120,12.97571],[101.73818,12.98034],[101.74227,12.99015],[101.75556,13.00651],[101.75242,13.02834],[101.76059,13.03985],[101.75848,13.04877],[101.74954,13.04770],[101.74520,13.04008],[101.73817,13.03383],[101.73152,13.03359],[101.72391,13.03026],[101.71934,13.03261],[101.71629,13.03590],[101.71390,13.0469],[101.71155,13.04860],[101.71106,13.05593],[101.70767,13.05925],[101.70411,13.07482],[101.70687,13.07666],[101.70606,13.07905],[101.69851,13.08088],[101.69338,13.09194],[101.69249,13.09716],[101.69513,13.09870],[101.69598,13.10349],[101.70018,13.10899],[101.6898,13.11008],[101.68651,13.11279],[101.68475,13.12258],[101.69636,13.1369],[101.69659,13.15151],[101.70097,13.15858],[101.71695,13.1695],[101.71669,13.17441],[101.71908,13.18018],[101.72791,13.17857],[101.74251,13.18640],[101.75047,13.18296],[101.77399,13.18523],[101.79121,13.20393],[101.79424,13.20282],[101.79807,13.20454],[101.82562,13.23456],[101.83360,13.23813],[101.83893,13.23740],[101.84829,13.24468],[101.84927,13.24776],[101.86213,13.24791]]]}},{"type":"Feature","properties":{"id":"TH220805"},"geometry":{"type":"Polygon","coordinates":[[[101.77985,12.95759],[101.79591,12.95275],[101.80131,12.95589],[101.80664,12.95520],[101.81379,12.94957],[101.81657,12.95044],[101.82033,12.94651],[101.82564,12.94613],[101.82612,12.94284],[101.82415,12.93993],[101.83055,12.93136],[101.83006,12.92356],[101.83468,12.92310],[101.83466,12.92164],[101.83753,12.92161],[101.83651,12.91999],[101.84084,12.91872],[101.84791,12.92315],[101.85090,12.92271],[101.85631,12.90549],[101.86583,12.84831],[101.87243,12.83761],[101.87041,12.83591],[101.86405,12.83430],[101.85918,12.83680],[101.85735,12.84003],[101.85421,12.83810],[101.84422,12.83905],[101.83516,12.83422],[101.82875,12.83586],[101.82695,12.84136],[101.82452,12.84175],[101.82759,12.84926],[101.82628,12.85797],[101.82009,12.86471],[101.81681,12.87172],[101.81703,12.87536],[101.81984,12.87875],[101.81668,12.89083],[101.81903,12.89503],[101.81739,12.90086],[101.81529,12.90103],[101.81194,12.88557],[101.80987,12.88486],[101.80673,12.88774],[101.80694,12.89943],[101.80313,12.90708],[101.80065,12.92450],[101.79140,12.92952],[101.79022,12.94415],[101.78392,12.94697],[101.77918,12.95339],[101.77395,12.95176],[101.77985,12.95759]]]}},{"type":"Feature","properties":{"id":"TH220901"},"geometry":{"type":"Polygon","coordinates":[[[101.85759,12.83987],[101.85918,12.83680],[101.86405,12.83430],[101.87243,12.83761],[101.87146,12.83486],[101.87892,12.78795],[101.88244,12.77130],[101.89081,12.75302],[101.89238,12.73903],[101.89052,12.73776],[101.88111,12.74055],[101.86833,12.72835],[101.86598,12.72762],[101.85796,12.73071],[101.84583,12.72523],[101.83863,12.72712],[101.83366,12.72291],[101.82426,12.73024],[101.82215,12.73878],[101.81934,12.74063],[101.81872,12.74783],[101.81605,12.74741],[101.81622,12.74428],[101.81242,12.73927],[101.81023,12.74416],[101.80741,12.74271],[101.80373,12.74646],[101.80104,12.74422],[101.79894,12.74866],[101.80747,12.75635],[101.80971,12.75587],[101.81089,12.75173],[101.81964,12.75436],[101.81724,12.75845],[101.82000,12.76525],[101.81696,12.76709],[101.81799,12.77739],[101.82070,12.77954],[101.81943,12.78595],[101.82226,12.79106],[101.81806,12.80125],[101.82110,12.80067],[101.82070,12.80306],[101.82765,12.81121],[101.82907,12.82059],[101.82777,12.82207],[101.83105,12.82491],[101.82852,12.82729],[101.82819,12.83018],[101.82970,12.82997],[101.8281,12.83598],[101.83516,12.83422],[101.84422,12.83905],[101.85421,12.83810],[101.85759,12.83987]]]}},{"type":"Feature","properties":{"id":"TH220902"},"geometry":{"type":"Polygon","coordinates":[[[101.95610,12.72255],[101.95514,12.72007],[101.95837,12.71918],[101.95988,12.71099],[101.94708,12.70260],[101.94679,12.69373],[101.94766,12.69239],[101.95212,12.69337],[101.95496,12.68465],[101.95345,12.68113],[101.95932,12.67463],[101.95639,12.66489],[101.95765,12.66273],[101.95507,12.66190],[101.95464,12.65716],[101.96048,12.65795],[101.95906,12.65349],[101.95573,12.65550],[101.94886,12.65394],[101.94361,12.65741],[101.94353,12.66363],[101.93932,12.67152],[101.93686,12.67205],[101.93322,12.68560],[101.92612,12.68933],[101.92397,12.69776],[101.90781,12.70594],[101.90115,12.71133],[101.90021,12.71300],[101.90249,12.71751],[101.89052,12.73776],[101.89238,12.73903],[101.90066,12.73489],[101.93668,12.72454],[101.95610,12.72255]]]}},{"type":"Feature","properties":{"id":"TH220903"},"geometry":{"type":"Polygon","coordinates":[[[101.88039,12.73971],[101.88092,12.72835],[101.87949,12.72763],[101.88320,12.72166],[101.88478,12.71436],[101.88195,12.71247],[101.88504,12.69781],[101.88427,12.69132],[101.87971,12.68922],[101.87467,12.68197],[101.86529,12.67716],[101.86387,12.67123],[101.86937,12.66933],[101.87875,12.65142],[101.87695,12.64713],[101.87484,12.64701],[101.87694,12.64338],[101.87161,12.63920],[101.86896,12.63925],[101.86460,12.64532],[101.86296,12.64269],[101.85670,12.64560],[101.85257,12.65352],[101.84105,12.65962],[101.84108,12.66749],[101.84315,12.66931],[101.84113,12.66986],[101.84107,12.67591],[101.83074,12.67592],[101.83077,12.67854],[101.83520,12.67901],[101.83171,12.68072],[101.83171,12.68311],[101.82681,12.68466],[101.82339,12.69124],[101.82371,12.69327],[101.82814,12.69439],[101.83288,12.68799],[101.84302,12.68946],[101.84244,12.69874],[101.85241,12.70236],[101.85313,12.70622],[101.85310,12.71315],[101.84982,12.71537],[101.84612,12.72562],[101.85796,12.73071],[101.86598,12.72762],[101.87054,12.72923],[101.88039,12.73971]]]}},{"type":"Feature","properties":{"id":"TH220904"},"geometry":{"type":"Polygon","coordinates":[[[101.88111,12.74055],[101.88877,12.73937],[101.89176,12.73687],[101.89635,12.72596],[101.90249,12.71751],[101.90191,12.71437],[101.89742,12.71172],[101.89547,12.69324],[101.89325,12.69133],[101.88918,12.67414],[101.89392,12.66628],[101.89455,12.65935],[101.90093,12.65198],[101.89774,12.64735],[101.90534,12.63549],[101.90564,12.6295],[101.91062,12.62052],[101.90336,12.61001],[101.90064,12.60879],[101.89765,12.60251],[101.89075,12.60316],[101.88295,12.60103],[101.88169,12.59737],[101.88355,12.58765],[101.87969,12.59352],[101.87828,12.60124],[101.87005,12.60822],[101.86728,12.61362],[101.86265,12.64196],[101.86460,12.64532],[101.86896,12.63925],[101.87161,12.63920],[101.87694,12.64338],[101.87484,12.64701],[101.87695,12.64713],[101.87814,12.65323],[101.86937,12.66933],[101.86387,12.67123],[101.86529,12.67716],[101.87467,12.68197],[101.87971,12.68922],[101.88427,12.69132],[101.88504,12.69781],[101.88195,12.71247],[101.88478,12.71436],[101.88320,12.72166],[101.87949,12.72763],[101.88092,12.72835],[101.87956,12.73568],[101.88111,12.74055]]]}},{"type":"Feature","properties":{"id":"TH220905"},"geometry":{"type":"Polygon","coordinates":[[[101.82144,12.73923],[101.82575,12.72830],[101.83366,12.72291],[101.83863,12.72712],[101.84612,12.72562],[101.84982,12.71537],[101.85310,12.71315],[101.85241,12.70236],[101.84244,12.69874],[101.84302,12.68946],[101.83408,12.68764],[101.83082,12.68900],[101.82814,12.69439],[101.82371,12.69327],[101.82681,12.68466],[101.83171,12.68311],[101.83171,12.68072],[101.83520,12.67901],[101.83077,12.67854],[101.83074,12.67592],[101.84107,12.67591],[101.84113,12.66986],[101.84315,12.66931],[101.84108,12.66749],[101.84162,12.66118],[101.82678,12.67287],[101.78690,12.69150],[101.78506,12.69478],[101.79052,12.70149],[101.78739,12.70455],[101.78627,12.71146],[101.79177,12.71436],[101.79959,12.72375],[101.79914,12.73138],[101.79458,12.73583],[101.80230,12.73912],[101.80104,12.74422],[101.80373,12.74646],[101.80741,12.74271],[101.81023,12.74416],[101.81242,12.73927],[101.81622,12.74428],[101.81581,12.74707],[101.81811,12.74819],[101.81934,12.74063],[101.82144,12.73923]]]}},{"type":"Feature","properties":{"id":"TH220906"},"geometry":{"type":"Polygon","coordinates":[[[101.85185,12.92041],[101.85787,12.91964],[101.86057,12.90842],[101.86375,12.90360],[101.86895,12.90078],[101.87092,12.89327],[101.87717,12.88987],[101.87706,12.88538],[101.88425,12.88284],[101.88600,12.87829],[101.88199,12.87538],[101.88622,12.86768],[101.89229,12.86418],[101.89456,12.86041],[101.89481,12.85701],[101.89219,12.85360],[101.89466,12.85198],[101.89361,12.84824],[101.89647,12.84582],[101.90028,12.84679],[101.89819,12.84007],[101.90040,12.83066],[101.89947,12.82320],[101.90808,12.81729],[101.90518,12.81164],[101.90684,12.80756],[101.90486,12.80317],[101.90584,12.79706],[101.90288,12.79518],[101.90995,12.78839],[101.91796,12.78977],[101.92305,12.77957],[101.91988,12.77282],[101.92473,12.77343],[101.93070,12.76709],[101.93092,12.76180],[101.93667,12.75681],[101.93750,12.74950],[101.94149,12.74792],[101.93949,12.74083],[101.94552,12.73937],[101.94736,12.73233],[101.95120,12.73209],[101.94935,12.72901],[101.95035,12.72662],[101.95557,12.72723],[101.95610,12.72255],[101.93668,12.72454],[101.90066,12.73489],[101.89238,12.73903],[101.89081,12.75302],[101.88244,12.77130],[101.87892,12.78795],[101.87146,12.83486],[101.87243,12.83761],[101.86583,12.84831],[101.85631,12.90549],[101.85185,12.92041]]]}},{"type":"Feature","properties":{"id":"TH221001"},"geometry":{"type":"Polygon","coordinates":[[[102.03520,12.85451],[102.03565,12.85212],[102.04616,12.84856],[102.04709,12.84463],[102.05557,12.83872],[102.05903,12.82558],[102.06274,12.82166],[102.06338,12.81817],[102.07094,12.81541],[102.07310,12.81776],[102.08074,12.81374],[102.08197,12.80217],[102.08367,12.80115],[102.08501,12.80421],[102.08727,12.80141],[102.08504,12.79536],[102.08882,12.79411],[102.09428,12.77765],[102.10886,12.77847],[102.11720,12.78469],[102.11857,12.79090],[102.12048,12.78961],[102.11907,12.78797],[102.12460,12.78593],[102.12320,12.78350],[102.12487,12.78223],[102.12987,12.78869],[102.12786,12.78067],[102.13158,12.78099],[102.12296,12.76861],[102.11873,12.74760],[102.11284,12.74653],[102.10245,12.73836],[102.10261,12.73623],[102.10142,12.73556],[102.09950,12.74386],[102.09653,12.74726],[102.08071,12.73647],[102.07070,12.75248],[102.0681,12.75832],[102.07103,12.76363],[102.07091,12.76906],[102.07655,12.76856],[102.08020,12.77261],[102.07900,12.77822],[102.08141,12.78152],[102.07817,12.78547],[102.07534,12.78158],[102.06960,12.77893],[102.05659,12.78570],[102.05739,12.77889],[102.05171,12.77891],[102.05229,12.78102],[102.05025,12.78228],[102.04259,12.78214],[102.03998,12.79738],[102.04124,12.79875],[102.03376,12.81038],[102.03683,12.80755],[102.03907,12.80842],[102.04014,12.81308],[102.03862,12.81761],[102.03500,12.81801],[102.03298,12.82131],[102.03560,12.82289],[102.03145,12.82471],[102.03091,12.83017],[102.02235,12.82692],[102.01869,12.83325],[102.01807,12.84518],[102.01015,12.85429],[102.01218,12.85696],[102.01758,12.85810],[102.02056,12.86277],[102.03520,12.85451]]]}},{"type":"Feature","properties":{"id":"TH221002"},"geometry":{"type":"Polygon","coordinates":[[[102.06469,12.87324],[102.07034,12.86741],[102.07087,12.86229],[102.07409,12.85889],[102.07303,12.85778],[102.07747,12.85649],[102.07491,12.85410],[102.07906,12.85336],[102.08068,12.85084],[102.08693,12.85179],[102.09062,12.84866],[102.09817,12.85367],[102.10111,12.85145],[102.11100,12.85597],[102.12552,12.85592],[102.13847,12.85818],[102.15568,12.85271],[102.16177,12.85461],[102.17213,12.84956],[102.17548,12.83972],[102.19432,12.83553],[102.18264,12.80857],[102.17647,12.80437],[102.16908,12.80409],[102.16897,12.79748],[102.15926,12.78725],[102.14838,12.78224],[102.12916,12.77833],[102.13158,12.78099],[102.12786,12.78067],[102.12987,12.78869],[102.12487,12.78223],[102.12320,12.78350],[102.12460,12.78593],[102.11907,12.78797],[102.12048,12.78961],[102.11857,12.79090],[102.11720,12.78469],[102.10886,12.77847],[102.09428,12.77765],[102.08882,12.79411],[102.08504,12.79536],[102.08727,12.80141],[102.08501,12.80421],[102.08367,12.80115],[102.08197,12.80217],[102.08074,12.81374],[102.07310,12.81776],[102.07094,12.81541],[102.06338,12.81817],[102.06274,12.82166],[102.05903,12.82558],[102.05557,12.83872],[102.04709,12.84463],[102.04616,12.84856],[102.03565,12.85212],[102.03556,12.85450],[102.02056,12.86277],[102.02248,12.86695],[102.03075,12.86694],[102.03859,12.86109],[102.04339,12.86361],[102.05074,12.86282],[102.05776,12.87314],[102.06469,12.87324]]]}},{"type":"Feature","properties":{"id":"TH221003"},"geometry":{"type":"Polygon","coordinates":[[[102.12466,12.96293],[102.13418,12.96325],[102.13587,12.95839],[102.14299,12.95620],[102.15009,12.95599],[102.15606,12.95824],[102.16096,12.95709],[102.16519,12.95420],[102.16663,12.95058],[102.1817,12.95832],[102.18780,12.95129],[102.19074,12.94280],[102.20345,12.93044],[102.20199,12.92869],[102.20331,12.92469],[102.21571,12.91801],[102.22981,12.90081],[102.22876,12.89861],[102.23352,12.88515],[102.22016,12.88077],[102.2142,12.88063],[102.19288,12.86635],[102.19102,12.85909],[102.19432,12.83556],[102.17548,12.83972],[102.17213,12.84956],[102.16177,12.85461],[102.15568,12.85271],[102.13847,12.85818],[102.12552,12.85592],[102.11100,12.85597],[102.10111,12.85145],[102.09817,12.85367],[102.09062,12.84866],[102.08693,12.85179],[102.08068,12.85084],[102.07906,12.85336],[102.07491,12.85410],[102.07747,12.85649],[102.07303,12.85778],[102.07409,12.85889],[102.07087,12.86229],[102.07034,12.86741],[102.06459,12.87332],[102.05776,12.87314],[102.05074,12.86282],[102.04339,12.86361],[102.04001,12.86089],[102.03075,12.86694],[102.02132,12.86665],[102.02373,12.86992],[102.02239,12.87505],[102.02500,12.87668],[102.02578,12.88194],[102.02970,12.88606],[102.03252,12.88683],[102.03474,12.88329],[102.04677,12.88526],[102.04870,12.88381],[102.04750,12.89415],[102.05280,12.89959],[102.05369,12.90993],[102.05852,12.91169],[102.05968,12.91738],[102.05844,12.92003],[102.06307,12.92453],[102.06152,12.92799],[102.06857,12.93060],[102.07153,12.93746],[102.07199,12.93979],[102.06748,12.94685],[102.07451,12.94905],[102.07990,12.96236],[102.08785,12.96415],[102.10152,12.96278],[102.11117,12.96094],[102.11551,12.95617],[102.11777,12.95744],[102.12067,12.96459],[102.12466,12.96293]]]}},{"type":"Feature","properties":{"id":"TH221004"},"geometry":{"type":"Polygon","coordinates":[[[102.16876,13.01089],[102.17517,13.00954],[102.17809,13.00162],[102.18551,12.99537],[102.18234,12.99239],[102.18156,12.98870],[102.17506,12.98740],[102.17386,12.98521],[102.17302,12.97512],[102.17610,12.9721],[102.17581,12.96886],[102.18111,12.96363],[102.1817,12.95832],[102.16663,12.95058],[102.16519,12.95420],[102.16096,12.95709],[102.15606,12.95824],[102.15009,12.95599],[102.14299,12.95620],[102.13587,12.95839],[102.13418,12.96325],[102.12067,12.96459],[102.11777,12.95744],[102.11551,12.95617],[102.11117,12.96094],[102.10152,12.96278],[102.08785,12.96415],[102.07990,12.96236],[102.07451,12.94905],[102.06748,12.94685],[102.07199,12.93979],[102.07153,12.93746],[102.06857,12.93060],[102.06152,12.92799],[102.06307,12.92453],[102.05844,12.92003],[102.05968,12.91738],[102.05852,12.91169],[102.05369,12.90993],[102.05280,12.89959],[102.04750,12.89415],[102.04870,12.88381],[102.04677,12.88526],[102.03474,12.88329],[102.03252,12.88683],[102.02970,12.88606],[102.02578,12.88194],[102.02500,12.87668],[102.02239,12.87505],[102.02364,12.87064],[102.01867,12.87108],[102.01798,12.87699],[102.01534,12.8787],[102.01335,12.87721],[102.01214,12.87938],[102.01082,12.89530],[102.00632,12.89799],[102.00392,12.90469],[102.00369,12.91972],[101.99431,12.91956],[101.99199,12.92117],[101.98072,12.91988],[101.97889,12.91253],[101.97297,12.91355],[101.96576,12.91211],[101.95943,12.90419],[101.95725,12.91266],[101.96482,12.92407],[101.96609,12.93190],[101.96381,12.93654],[101.96852,12.93875],[101.97145,12.94563],[101.97063,12.95404],[101.96122,12.96339],[101.96128,12.97696],[101.96490,12.98140],[101.97678,12.98528],[101.98072,12.97949],[101.98196,12.97325],[101.98808,12.96873],[101.99987,12.98810],[102.00227,12.98934],[102.01135,12.98596],[102.01532,12.98175],[102.02271,12.98013],[102.03756,12.98112],[102.05168,12.96969],[102.05410,12.97018],[102.05137,12.96336],[102.05487,12.95966],[102.05468,12.96484],[102.05595,12.96719],[102.06022,12.96864],[102.06165,12.97246],[102.06399,12.97081],[102.06653,12.97281],[102.07167,12.97275],[102.07155,12.97555],[102.07772,12.97707],[102.08490,12.98416],[102.08900,12.98474],[102.09234,12.98797],[102.09836,12.98889],[102.11316,12.98653],[102.11734,12.98092],[102.12287,12.97962],[102.12641,12.98370],[102.13113,12.98319],[102.13916,12.98614],[102.14038,12.98885],[102.13818,12.99868],[102.14493,12.99811],[102.14692,13.00119],[102.16585,13.00557],[102.16876,13.01089]]]}},{"type":"Feature","properties":{"id":"TH221005"},"geometry":{"type":"Polygon","coordinates":[[[102.13812,13.18518],[102.13306,13.17824],[102.13374,13.17571],[102.13877,13.17305],[102.13479,13.16297],[102.13697,13.15891],[102.12732,13.15403],[102.12161,13.15316],[102.11566,13.15527],[102.1139,13.14566],[102.12413,13.12873],[102.14762,13.13320],[102.15064,13.13296],[102.15354,13.12875],[102.14831,13.12143],[102.14577,13.11231],[102.14183,13.10946],[102.15272,13.08625],[102.15638,13.04908],[102.16052,13.04216],[102.16596,13.03951],[102.16847,13.02806],[102.17419,13.01889],[102.17136,13.01398],[102.17316,13.01073],[102.16876,13.01089],[102.16585,13.00557],[102.14692,13.00119],[102.14493,12.99811],[102.13818,12.99868],[102.14038,12.98885],[102.13916,12.98614],[102.13113,12.98319],[102.12641,12.98370],[102.12287,12.97962],[102.11734,12.98092],[102.11316,12.98653],[102.09836,12.98889],[102.09234,12.98797],[102.08900,12.98474],[102.08490,12.98416],[102.07772,12.97707],[102.07155,12.97555],[102.07167,12.97275],[102.06653,12.97281],[102.06399,12.97081],[102.06165,12.97246],[102.06022,12.96864],[102.05595,12.96719],[102.05468,12.96484],[102.05487,12.95966],[102.05137,12.96336],[102.05410,12.97018],[102.05168,12.96969],[102.03775,12.98103],[102.02271,12.98013],[102.01532,12.98175],[102.01135,12.98596],[102.00227,12.98934],[102.00395,13.00011],[102.01153,13.00858],[102.01154,13.01514],[102.01498,13.01756],[102.02019,13.01572],[102.01955,13.04569],[102.02218,13.05166],[102.01696,13.05725],[102.01701,13.06261],[102.01331,13.06720],[102.01086,13.06623],[102.01245,13.06854],[102.01777,13.06880],[102.01967,13.07190],[102.02936,13.07558],[102.03243,13.08885],[102.04167,13.09081],[102.04968,13.09975],[102.05247,13.09912],[102.05411,13.10262],[102.05543,13.10650],[102.05423,13.10857],[102.05701,13.11109],[102.05601,13.11370],[102.05814,13.11761],[102.05601,13.13082],[102.04859,13.14612],[102.04371,13.15117],[102.04503,13.15621],[102.05049,13.16187],[102.04966,13.16943],[102.07395,13.18758],[102.08136,13.18716],[102.0887,13.18964],[102.09371,13.19439],[102.12151,13.19559],[102.12837,13.19761],[102.13812,13.18518]]]}},{"type":"Feature","properties":{"id":"TH210101"},"geometry":{"type":"Polygon","coordinates":[[[101.28066,12.66768],[101.27393,12.66478],[101.27624,12.66262],[101.27615,12.65993],[101.26496,12.66111],[101.27191,12.67107],[101.27101,12.67882],[101.27396,12.68568],[101.28019,12.68395],[101.28711,12.67744],[101.28339,12.67594],[101.28428,12.67420],[101.28066,12.66768]]]}},{"type":"Feature","properties":{"id":"TH210102"},"geometry":{"type":"Polygon","coordinates":[[[101.27872,12.72116],[101.28300,12.71854],[101.29182,12.71880],[101.29627,12.71594],[101.3005,12.70652],[101.30312,12.70620],[101.30396,12.69818],[101.30884,12.70080],[101.31493,12.69719],[101.31589,12.69378],[101.32232,12.69612],[101.33050,12.67703],[101.31408,12.65549],[101.30821,12.65299],[101.31094,12.64610],[101.30491,12.64643],[101.27767,12.65806],[101.28428,12.67420],[101.28339,12.67594],[101.28711,12.67744],[101.28019,12.68395],[101.27396,12.68568],[101.27101,12.67882],[101.27179,12.67076],[101.26471,12.66866],[101.24732,12.67274],[101.24790,12.67590],[101.25094,12.67670],[101.25172,12.67329],[101.26095,12.67923],[101.26231,12.68543],[101.26935,12.69108],[101.26574,12.69960],[101.26930,12.70255],[101.27680,12.70434],[101.27872,12.72116]]]}},{"type":"Feature","properties":{"id":"TH210103"},"geometry":{"type":"Polygon","coordinates":[[[101.41712,12.70347],[101.41719,12.69346],[101.41138,12.67386],[101.41478,12.67037],[101.41409,12.66847],[101.41753,12.66878],[101.41730,12.66545],[101.42159,12.66012],[101.41978,12.65817],[101.41069,12.65731],[101.4105,12.65388],[101.40674,12.65192],[101.40652,12.64931],[101.39498,12.63486],[101.38645,12.61842],[101.37941,12.61396],[101.31446,12.64314],[101.30783,12.65209],[101.31012,12.65496],[101.31408,12.65549],[101.33050,12.67703],[101.32594,12.68899],[101.33109,12.68891],[101.33434,12.68672],[101.33863,12.67583],[101.34289,12.67192],[101.35599,12.68571],[101.36991,12.68438],[101.37801,12.68937],[101.38215,12.69444],[101.38597,12.69524],[101.38765,12.69379],[101.39252,12.69603],[101.39647,12.69546],[101.39614,12.69325],[101.39801,12.69535],[101.40690,12.69577],[101.41062,12.69701],[101.41712,12.70347]]]}},{"type":"Feature","properties":{"id":"TH210104"},"geometry":{"type":"Polygon","coordinates":[[[101.24732,12.67274],[101.26471,12.66866],[101.27191,12.67107],[101.26496,12.66111],[101.27615,12.65993],[101.27624,12.66262],[101.27393,12.66478],[101.28066,12.66768],[101.27767,12.65806],[101.28694,12.65496],[101.27716,12.65530],[101.23761,12.66446],[101.23948,12.67238],[101.24491,12.67283],[101.24790,12.67590],[101.24732,12.67274]]]}},{"type":"Feature","properties":{"id":"TH210105"},"geometry":{"type":"MultiPolygon","coordinates":[[[[101.44201,12.51593],[101.44309,12.51555],[101.44229,12.51314],[101.44201,12.51593]]],[[[101.45140,12.58269],[101.45876,12.57434],[101.46840,12.57226],[101.46953,12.56658],[101.46754,12.56800],[101.45799,12.56423],[101.45406,12.55411],[101.45239,12.55527],[101.45049,12.55228],[101.45095,12.54977],[101.44776,12.54487],[101.45064,12.53967],[101.44816,12.53802],[101.44852,12.53232],[101.44613,12.53109],[101.44552,12.52725],[101.44701,12.52469],[101.44517,12.52480],[101.44470,12.52171],[101.44225,12.52779],[101.44552,12.53565],[101.44695,12.55925],[101.44850,12.56203],[101.44675,12.56721],[101.44945,12.56953],[101.44662,12.57361],[101.44570,12.58024],[101.45140,12.58269]]],[[[101.41753,12.66878],[101.42404,12.66386],[101.43699,12.66635],[101.43959,12.65473],[101.44179,12.65158],[101.44489,12.65161],[101.44814,12.64668],[101.44681,12.64416],[101.44735,12.63008],[101.43698,12.62689],[101.42400,12.61542],[101.42530,12.60602],[101.42202,12.59279],[101.42379,12.59017],[101.42010,12.58782],[101.41843,12.58309],[101.41354,12.58603],[101.41577,12.58950],[101.41338,12.59355],[101.3828,12.61207],[101.39270,12.63146],[101.40652,12.64931],[101.40674,12.65192],[101.4105,12.65388],[101.41069,12.65731],[101.41978,12.65817],[101.42159,12.66012],[101.41730,12.66545],[101.41753,12.66878]]]]}},{"type":"Feature","properties":{"id":"TH210106"},"geometry":{"type":"MultiPolygon","coordinates":[[[[101.51068,12.58033],[101.51004,12.57989],[101.51049,12.58050],[101.51068,12.58033]]],[[[101.50871,12.58588],[101.51123,12.58475],[101.51038,12.58159],[101.50871,12.58588]]],[[[101.50845,12.59382],[101.51012,12.59505],[101.51089,12.59263],[101.50845,12.59382]]],[[[101.51241,12.60021],[101.51231,12.59932],[101.51219,12.59937],[101.51241,12.60021]]],[[[101.51469,12.60122],[101.51390,12.60143],[101.51567,12.60432],[101.51469,12.60122]]],[[[101.42404,12.69802],[101.42785,12.69824],[101.44244,12.69308],[101.45422,12.69512],[101.45924,12.69183],[101.45957,12.68935],[101.46372,12.68926],[101.46747,12.68557],[101.47206,12.68435],[101.48196,12.69053],[101.49071,12.69105],[101.49465,12.68503],[101.49301,12.68114],[101.49600,12.68002],[101.49513,12.67363],[101.49774,12.66918],[101.49743,12.66368],[101.49994,12.66256],[101.51153,12.66557],[101.51825,12.67025],[101.52100,12.66640],[101.51520,12.65939],[101.51366,12.65354],[101.51564,12.64529],[101.51231,12.63307],[101.49898,12.63068],[101.49728,12.62754],[101.49704,12.62984],[101.47389,12.6335],[101.44735,12.63008],[101.44681,12.64416],[101.44813,12.64673],[101.44489,12.65161],[101.44179,12.65158],[101.43959,12.65473],[101.43699,12.66635],[101.42404,12.66386],[101.41955,12.66821],[101.41409,12.66847],[101.41478,12.67037],[101.41138,12.67386],[101.41719,12.69346],[101.41712,12.70347],[101.42404,12.69802]]]]}},{"type":"Feature","properties":{"id":"TH210107"},"geometry":{"type":"Polygon","coordinates":[[[101.42138,12.70953],[101.41062,12.69701],[101.40690,12.69577],[101.39801,12.69535],[101.39614,12.69325],[101.39647,12.69546],[101.39252,12.69603],[101.38765,12.69379],[101.38597,12.69524],[101.38215,12.69444],[101.37801,12.68937],[101.36991,12.68438],[101.35599,12.68571],[101.34289,12.67192],[101.33863,12.67583],[101.33434,12.68672],[101.33109,12.68891],[101.32466,12.68845],[101.32231,12.69594],[101.32545,12.69704],[101.32697,12.70236],[101.33791,12.70508],[101.34543,12.71161],[101.34921,12.71142],[101.35290,12.71727],[101.35709,12.71656],[101.37248,12.72555],[101.38059,12.72671],[101.38556,12.72514],[101.38714,12.72842],[101.39789,12.73481],[101.40585,12.73481],[101.40799,12.73284],[101.41872,12.73680],[101.42138,12.70953]]]}},{"type":"Feature","properties":{"id":"TH210108"},"geometry":{"type":"Polygon","coordinates":[[[101.40050,12.76847],[101.40739,12.75333],[101.41613,12.74448],[101.41872,12.73680],[101.40799,12.73284],[101.40585,12.73481],[101.39789,12.73481],[101.38714,12.72842],[101.38556,12.72514],[101.38059,12.72671],[101.37248,12.72555],[101.35709,12.71656],[101.35290,12.71727],[101.34921,12.71142],[101.34543,12.71161],[101.33791,12.70508],[101.32697,12.70236],[101.32545,12.69704],[101.31589,12.69378],[101.31365,12.69786],[101.31525,12.70442],[101.32307,12.72058],[101.32499,12.72054],[101.32752,12.72420],[101.32675,12.72768],[101.33521,12.72960],[101.33940,12.73596],[101.34216,12.73607],[101.34925,12.74196],[101.34967,12.74674],[101.35650,12.75118],[101.36477,12.76333],[101.37469,12.76163],[101.37701,12.76466],[101.38132,12.76556],[101.38297,12.76883],[101.39177,12.77002],[101.40050,12.76847]]]}},{"type":"Feature","properties":{"id":"TH210109"},"geometry":{"type":"MultiPolygon","coordinates":[[[[101.17206,12.64910],[101.16976,12.64800],[101.17136,12.65055],[101.17206,12.64910]]],[[[101.19069,12.71889],[101.19521,12.71954],[101.20658,12.71458],[101.20631,12.71019],[101.21311,12.70637],[101.21359,12.69363],[101.22697,12.68773],[101.23398,12.68971],[101.24331,12.68944],[101.24580,12.69193],[101.25321,12.69137],[101.25898,12.68848],[101.26892,12.69421],[101.26935,12.69108],[101.26231,12.68543],[101.26095,12.67923],[101.25172,12.67329],[101.25094,12.67670],[101.24491,12.67283],[101.23948,12.67238],[101.23652,12.66471],[101.17982,12.66922],[101.17499,12.67165],[101.17424,12.67795],[101.17100,12.68213],[101.17337,12.70633],[101.17749,12.71388],[101.18277,12.71687],[101.18355,12.72142],[101.19069,12.71889]]]]}},{"type":"Feature","properties":{"id":"TH210110"},"geometry":{"type":"Polygon","coordinates":[[[101.50118,12.86935],[101.50645,12.84987],[101.50487,12.83672],[101.50704,12.83023],[101.50648,12.82363],[101.50310,12.81884],[101.50747,12.80766],[101.50772,12.79918],[101.50994,12.79382],[101.52282,12.78261],[101.52630,12.76686],[101.52175,12.76083],[101.52198,12.74782],[101.52491,12.74471],[101.52171,12.73982],[101.52175,12.73501],[101.53028,12.72029],[101.51878,12.71105],[101.51753,12.70227],[101.51918,12.69723],[101.51422,12.68722],[101.51311,12.67563],[101.51782,12.67317],[101.51825,12.67025],[101.51153,12.66557],[101.49994,12.66256],[101.49638,12.66629],[101.49774,12.66918],[101.49513,12.67363],[101.49600,12.68002],[101.49301,12.68114],[101.49459,12.68527],[101.49065,12.69066],[101.49099,12.69911],[101.49308,12.69909],[101.49441,12.70323],[101.49045,12.70665],[101.48751,12.71447],[101.48818,12.71773],[101.48500,12.72272],[101.48469,12.72843],[101.48717,12.73271],[101.48550,12.73436],[101.4844,12.74561],[101.48095,12.75045],[101.47776,12.75062],[101.47397,12.75454],[101.47074,12.76017],[101.46432,12.76313],[101.48725,12.77078],[101.49025,12.77663],[101.48737,12.77919],[101.47957,12.77949],[101.47437,12.78872],[101.47292,12.81434],[101.46675,12.82728],[101.45282,12.82732],[101.45118,12.82956],[101.46099,12.86175],[101.46690,12.86449],[101.46604,12.86022],[101.47693,12.85443],[101.47751,12.86017],[101.48163,12.86756],[101.48616,12.86515],[101.49757,12.86968],[101.50118,12.86935]]]}},{"type":"Feature","properties":{"id":"TH210111"},"geometry":{"type":"Polygon","coordinates":[[[101.19928,12.74482],[101.21159,12.74136],[101.22354,12.74584],[101.22379,12.74762],[101.23783,12.74404],[101.24126,12.74010],[101.24036,12.73822],[101.24297,12.73133],[101.24903,12.72325],[101.25130,12.72302],[101.25187,12.71876],[101.25723,12.71418],[101.26294,12.70366],[101.26272,12.70052],[101.26574,12.69960],[101.26892,12.69421],[101.25898,12.68848],[101.25321,12.69137],[101.24580,12.69193],[101.24331,12.68944],[101.23398,12.68971],[101.22697,12.68773],[101.21359,12.69363],[101.21311,12.70637],[101.20631,12.71019],[101.20658,12.71458],[101.19521,12.71954],[101.18355,12.72142],[101.18746,12.72911],[101.18765,12.74469],[101.19349,12.74259],[101.19591,12.74864],[101.19928,12.74482]]]}},{"type":"Feature","properties":{"id":"TH210112"},"geometry":{"type":"Polygon","coordinates":[[[101.24482,12.74614],[101.25481,12.73434],[101.26020,12.73216],[101.26232,12.72916],[101.27336,12.73591],[101.28112,12.73042],[101.27880,12.72460],[101.27828,12.70689],[101.27680,12.70434],[101.26388,12.69947],[101.25723,12.71418],[101.25342,12.71659],[101.25130,12.72302],[101.24903,12.72325],[101.24297,12.73133],[101.24036,12.73822],[101.24126,12.74010],[101.23783,12.74404],[101.22824,12.74738],[101.23400,12.74605],[101.23756,12.75123],[101.24482,12.74614]]]}},{"type":"Feature","properties":{"id":"TH210113"},"geometry":{"type":"Polygon","coordinates":[[[101.12332,12.81397],[101.13156,12.80905],[101.13123,12.80571],[101.13775,12.80637],[101.14282,12.80423],[101.14387,12.79965],[101.14071,12.79748],[101.14564,12.79295],[101.14873,12.78140],[101.15510,12.77872],[101.16248,12.77165],[101.16065,12.76371],[101.16322,12.75883],[101.11840,12.69632],[101.09660,12.69697],[101.10633,12.71059],[101.10193,12.72225],[101.10430,12.73028],[101.10124,12.74320],[101.09135,12.76029],[101.08573,12.76270],[101.08997,12.77037],[101.09463,12.77329],[101.09137,12.77835],[101.09290,12.78881],[101.08904,12.79143],[101.09417,12.79333],[101.09550,12.79989],[101.09415,12.80427],[101.10718,12.80693],[101.10734,12.80323],[101.11023,12.80314],[101.12332,12.81397]]]}},{"type":"Feature","properties":{"id":"TH210114"},"geometry":{"type":"Polygon","coordinates":[[[101.18284,12.76194],[101.19591,12.74864],[101.19349,12.74259],[101.18765,12.74469],[101.18746,12.72911],[101.18277,12.71687],[101.17749,12.71388],[101.17337,12.70633],[101.17231,12.69906],[101.17100,12.68213],[101.17424,12.67795],[101.17499,12.67165],[101.17982,12.66922],[101.16653,12.65781],[101.16640,12.6401],[101.15944,12.64003],[101.15143,12.66372],[101.15096,12.67365],[101.13729,12.66973],[101.13571,12.66403],[101.13877,12.66321],[101.14177,12.66015],[101.14456,12.65391],[101.13252,12.67063],[101.13200,12.67110],[101.12956,12.67643],[101.10629,12.67926],[101.09940,12.67838],[101.09522,12.68025],[101.09591,12.69618],[101.11840,12.69632],[101.16322,12.75883],[101.16684,12.75694],[101.17882,12.75682],[101.18284,12.76194]]]}},{"type":"Feature","properties":{"id":"TH210115"},"geometry":{"type":"Polygon","coordinates":[[[101.44863,12.83056],[101.45282,12.82732],[101.46675,12.82728],[101.47292,12.81434],[101.47437,12.78872],[101.47957,12.77949],[101.48737,12.77919],[101.49025,12.77663],[101.48725,12.77078],[101.46432,12.76313],[101.47074,12.76017],[101.47776,12.75062],[101.48095,12.75045],[101.48373,12.74715],[101.48550,12.73436],[101.48717,12.73271],[101.48469,12.72843],[101.48500,12.72272],[101.48818,12.71773],[101.48751,12.71447],[101.49045,12.70665],[101.49441,12.70323],[101.49042,12.69709],[101.49131,12.69108],[101.48196,12.69053],[101.47356,12.68457],[101.46878,12.68494],[101.46372,12.68926],[101.45957,12.68935],[101.45924,12.69183],[101.45422,12.69512],[101.44529,12.69287],[101.43839,12.69393],[101.42785,12.69824],[101.42419,12.69800],[101.41712,12.70347],[101.42138,12.70953],[101.41882,12.73900],[101.41613,12.74448],[101.40739,12.75333],[101.40050,12.76847],[101.41046,12.7725],[101.41486,12.77735],[101.41292,12.78077],[101.41573,12.78858],[101.41656,12.80197],[101.44432,12.82363],[101.44575,12.82925],[101.44863,12.83056]]]}},{"type":"Feature","properties":{"id":"TH210201"},"geometry":{"type":"Polygon","coordinates":[[[101.06602,12.81927],[101.09221,12.80510],[101.07964,12.79398],[101.06014,12.78599],[101.05281,12.77145],[101.05838,12.76413],[101.06076,12.75625],[101.06028,12.75076],[101.04870,12.74011],[101.04887,12.73769],[101.03769,12.73196],[101.03245,12.72587],[101.02573,12.70914],[100.98445,12.69287],[100.98784,12.69843],[100.98613,12.70092],[100.98993,12.70515],[100.98967,12.70892],[100.99479,12.71437],[100.99093,12.72627],[100.99552,12.73017],[101.00132,12.73128],[101.00372,12.73450],[101.00356,12.73983],[101.00761,12.74499],[101.00853,12.75175],[101.01180,12.75329],[101.01533,12.75862],[101.01288,12.76157],[101.01150,12.77055],[101.01420,12.77642],[101.01480,12.79009],[101.01726,12.79736],[101.02811,12.80150],[101.03205,12.80889],[101.0365,12.81234],[101.04451,12.81188],[101.05347,12.81728],[101.06602,12.81927]]]}},{"type":"Feature","properties":{"id":"TH210202"},"geometry":{"type":"Polygon","coordinates":[[[101.04594,12.73491],[101.04969,12.72637],[101.04919,12.70092],[101.05308,12.69168],[101.05841,12.68789],[101.06253,12.67302],[101.06119,12.67114],[101.04919,12.66962],[101.04489,12.66563],[100.99226,12.65638],[100.99265,12.66496],[100.98909,12.66984],[100.99253,12.67588],[100.98445,12.69287],[101.02573,12.70914],[101.03245,12.72587],[101.03769,12.73196],[101.04594,12.73491]]]}},{"type":"Feature","properties":{"id":"TH210203"},"geometry":{"type":"Polygon","coordinates":[[[101.09221,12.80510],[101.09550,12.79989],[101.09417,12.79333],[101.08904,12.79143],[101.09290,12.78881],[101.09137,12.77835],[101.09463,12.77329],[101.08997,12.77037],[101.08573,12.76270],[101.09135,12.76029],[101.10124,12.74320],[101.10430,12.73028],[101.10193,12.72225],[101.10586,12.71485],[101.10624,12.70876],[101.09591,12.69618],[101.09522,12.68025],[101.09675,12.67963],[101.09538,12.67724],[101.08950,12.67504],[101.07633,12.67545],[101.06071,12.67842],[101.05841,12.68789],[101.05308,12.69168],[101.04919,12.70092],[101.04969,12.72637],[101.04579,12.73596],[101.06028,12.75076],[101.06076,12.75625],[101.05838,12.76413],[101.05288,12.77265],[101.06096,12.78709],[101.07055,12.78899],[101.07964,12.79398],[101.09221,12.80510]]]}},{"type":"Feature","properties":{"id":"TH210301"},"geometry":{"type":"Polygon","coordinates":[[[101.55123,12.84179],[101.57149,12.84022],[101.57704,12.83426],[101.58220,12.83914],[101.58578,12.84002],[101.59123,12.83049],[101.60123,12.83211],[101.61453,12.82975],[101.62052,12.83232],[101.62474,12.83022],[101.62786,12.82430],[101.63299,12.82768],[101.65554,12.82713],[101.65042,12.82289],[101.65322,12.82206],[101.65041,12.81760],[101.65048,12.81213],[101.65326,12.80839],[101.65083,12.80631],[101.65294,12.8037],[101.65031,12.80343],[101.65221,12.79831],[101.65497,12.79612],[101.65555,12.79833],[101.66260,12.79732],[101.66941,12.79191],[101.67089,12.79487],[101.68313,12.79359],[101.68396,12.77898],[101.68252,12.77371],[101.67920,12.77050],[101.68076,12.76721],[101.68597,12.76549],[101.67937,12.75902],[101.67576,12.74778],[101.69277,12.74735],[101.69055,12.74018],[101.68470,12.73514],[101.68481,12.73335],[101.69369,12.73284],[101.69809,12.72891],[101.68266,12.72257],[101.68046,12.72330],[101.67862,12.71916],[101.67596,12.72071],[101.67244,12.71987],[101.67034,12.72219],[101.66648,12.72151],[101.66488,12.72925],[101.65917,12.73294],[101.65661,12.73729],[101.65961,12.74958],[101.65487,12.75195],[101.64539,12.76550],[101.63534,12.77222],[101.63631,12.77373],[101.61168,12.79549],[101.60934,12.80027],[101.57235,12.81633],[101.56000,12.82680],[101.55186,12.83112],[101.55123,12.84179]]]}},{"type":"Feature","properties":{"id":"TH210302"},"geometry":{"type":"Polygon","coordinates":[[[101.52823,12.83954],[101.56000,12.82680],[101.57235,12.81633],[101.60934,12.80027],[101.61168,12.79549],[101.63631,12.77373],[101.63534,12.77222],[101.64539,12.76550],[101.65487,12.75195],[101.65961,12.74958],[101.65661,12.73729],[101.65917,12.73294],[101.66488,12.72925],[101.66508,12.72393],[101.66122,12.72724],[101.65649,12.72715],[101.65643,12.73102],[101.65175,12.72984],[101.65031,12.73263],[101.64459,12.73381],[101.64225,12.73729],[101.62743,12.73891],[101.62128,12.74236],[101.61802,12.74167],[101.61543,12.75001],[101.60820,12.75560],[101.60208,12.75554],[101.59431,12.75887],[101.59327,12.76499],[101.58948,12.76829],[101.58055,12.77088],[101.57619,12.76901],[101.57168,12.77225],[101.56986,12.77832],[101.56368,12.78271],[101.56430,12.78839],[101.55988,12.79471],[101.55902,12.79970],[101.54580,12.81383],[101.54155,12.81283],[101.53210,12.82460],[101.52575,12.82621],[101.52248,12.82480],[101.50704,12.83023],[101.50501,12.83438],[101.50541,12.84722],[101.50614,12.84864],[101.51350,12.84732],[101.52249,12.83891],[101.52823,12.83954]]]}},{"type":"Feature","properties":{"id":"TH210303"},"geometry":{"type":"Polygon","coordinates":[[[101.58991,12.73303],[101.60064,12.72054],[101.60309,12.72104],[101.60428,12.72414],[101.60919,12.71473],[101.61669,12.70692],[101.61743,12.70259],[101.63407,12.70362],[101.64685,12.69945],[101.65397,12.69638],[101.65883,12.69089],[101.65784,12.68725],[101.65402,12.68549],[101.64177,12.68856],[101.62716,12.68941],[101.61683,12.68506],[101.61025,12.67756],[101.60299,12.67418],[101.58844,12.68030],[101.58624,12.68345],[101.58710,12.68696],[101.58061,12.68950],[101.57575,12.69489],[101.57264,12.69570],[101.57045,12.69262],[101.56101,12.69465],[101.56038,12.69734],[101.56326,12.70174],[101.57784,12.70856],[101.58091,12.71309],[101.57862,12.71678],[101.58062,12.72195],[101.58991,12.73303]]]}},{"type":"Feature","properties":{"id":"TH210304"},"geometry":{"type":"Polygon","coordinates":[[[101.61802,12.74167],[101.62743,12.73891],[101.64225,12.73729],[101.64459,12.73381],[101.65031,12.73263],[101.65175,12.72984],[101.65643,12.73102],[101.65563,12.72794],[101.66122,12.72724],[101.66648,12.72151],[101.67034,12.72219],[101.67244,12.71987],[101.67596,12.72071],[101.67862,12.71916],[101.68046,12.72330],[101.69383,12.71536],[101.69794,12.71822],[101.70225,12.71668],[101.70095,12.70082],[101.69868,12.69840],[101.69615,12.69721],[101.69670,12.69902],[101.69587,12.69517],[101.68817,12.69417],[101.67588,12.68580],[101.66361,12.68236],[101.65704,12.68632],[101.65883,12.69089],[101.65397,12.69638],[101.63407,12.70362],[101.61743,12.70259],[101.61669,12.70692],[101.60919,12.71473],[101.60428,12.72414],[101.61802,12.74167]]]}},{"type":"Feature","properties":{"id":"TH210305"},"geometry":{"type":"MultiPolygon","coordinates":[[[[101.70064,12.56622],[101.69752,12.56828],[101.70099,12.57270],[101.70293,12.56868],[101.70064,12.56622]]],[[[101.69301,12.59642],[101.68874,12.59933],[101.69381,12.60400],[101.69436,12.602],[101.69301,12.59642]]],[[[101.69363,12.60847],[101.68851,12.60680],[101.68563,12.61026],[101.68905,12.61868],[101.69471,12.61241],[101.69363,12.60847]]],[[[101.63209,12.68786],[101.64177,12.68856],[101.65402,12.68549],[101.65692,12.68664],[101.66361,12.68236],[101.66673,12.67563],[101.65944,12.66991],[101.66174,12.66804],[101.65538,12.66130],[101.65027,12.65102],[101.64430,12.64695],[101.64660,12.64307],[101.63471,12.64329],[101.62315,12.64837],[101.59331,12.65460],[101.59908,12.65378],[101.60077,12.65614],[101.59979,12.65914],[101.60403,12.66204],[101.60562,12.65983],[101.60852,12.66668],[101.60331,12.66814],[101.59378,12.66451],[101.59056,12.66555],[101.58906,12.66850],[101.59301,12.67569],[101.59190,12.67775],[101.60299,12.67418],[101.61025,12.67756],[101.61683,12.68506],[101.62716,12.68941],[101.63209,12.68786]]]]}},{"type":"Feature","properties":{"id":"TH210306"},"geometry":{"type":"MultiPolygon","coordinates":[[[[101.56880,12.55465],[101.56679,12.55821],[101.56870,12.55893],[101.57015,12.55624],[101.56880,12.55465]]],[[[101.53028,12.72029],[101.53717,12.71302],[101.54032,12.70333],[101.54594,12.70770],[101.55169,12.70015],[101.56038,12.69734],[101.56101,12.69465],[101.57045,12.69262],[101.57264,12.69570],[101.57575,12.69489],[101.58061,12.68950],[101.58710,12.68696],[101.58624,12.68345],[101.59301,12.67569],[101.58909,12.66865],[101.59056,12.66555],[101.59378,12.66451],[101.60331,12.66814],[101.60852,12.66668],[101.60562,12.65983],[101.60403,12.66204],[101.59979,12.65914],[101.60077,12.65614],[101.59908,12.65378],[101.59355,12.65486],[101.59207,12.65221],[101.57602,12.65176],[101.56661,12.64794],[101.56381,12.63560],[101.56534,12.63146],[101.55701,12.62784],[101.51823,12.63107],[101.51231,12.63307],[101.51564,12.64529],[101.51366,12.65354],[101.51520,12.65939],[101.52100,12.66640],[101.51782,12.67317],[101.51311,12.67563],[101.51422,12.68722],[101.51918,12.69723],[101.51753,12.70227],[101.51878,12.71105],[101.53028,12.72029]]]]}},{"type":"Feature","properties":{"id":"TH210307"},"geometry":{"type":"Polygon","coordinates":[[[101.64443,12.87975],[101.64528,12.87816],[101.64330,12.87512],[101.64533,12.87387],[101.64406,12.87143],[101.64556,12.86967],[101.64366,12.86546],[101.64575,12.86446],[101.64732,12.85740],[101.65170,12.85027],[101.65110,12.84806],[101.65459,12.84535],[101.65628,12.83486],[101.65865,12.83508],[101.65743,12.83052],[101.65511,12.83149],[101.65398,12.82719],[101.63299,12.82768],[101.62786,12.82430],[101.62474,12.83022],[101.62052,12.83232],[101.61453,12.82975],[101.60123,12.83211],[101.59123,12.83049],[101.58325,12.84402],[101.58389,12.85378],[101.58520,12.85658],[101.59574,12.86360],[101.60227,12.87271],[101.60195,12.88116],[101.59832,12.88158],[101.59634,12.88489],[101.59612,12.89280],[101.59003,12.89849],[101.59160,12.90251],[101.58810,12.90455],[101.58745,12.90687],[101.58904,12.90723],[101.58649,12.91433],[101.58499,12.91402],[101.58373,12.91683],[101.58407,12.92297],[101.58956,12.92433],[101.58944,12.92562],[101.58689,12.92724],[101.58807,12.92883],[101.58629,12.93259],[101.58394,12.93208],[101.58300,12.93427],[101.58517,12.93534],[101.58378,12.93699],[101.57595,12.93994],[101.57591,12.95759],[101.57119,12.96011],[101.56674,12.96570],[101.56423,12.97585],[101.56852,12.97884],[101.57652,12.98033],[101.58830,12.97707],[101.61219,12.98132],[101.61121,12.97342],[101.61917,12.95788],[101.61531,12.94741],[101.61610,12.94346],[101.61082,12.93758],[101.61108,12.93387],[101.60825,12.92906],[101.61005,12.92789],[101.60779,12.92327],[101.61013,12.92074],[101.60911,12.91823],[101.60763,12.91858],[101.60872,12.91457],[101.61040,12.91472],[101.61157,12.91029],[101.61712,12.90578],[101.61977,12.89612],[101.62263,12.89596],[101.62539,12.88956],[101.62953,12.88964],[101.63430,12.88319],[101.63736,12.88331],[101.63976,12.87962],[101.64443,12.87975]]]}},{"type":"Feature","properties":{"id":"TH210308"},"geometry":{"type":"Polygon","coordinates":[[[101.67002,12.89834],[101.68012,12.89783],[101.68308,12.89928],[101.68681,12.89687],[101.69557,12.88241],[101.70659,12.87006],[101.70413,12.86453],[101.69863,12.86002],[101.69939,12.85450],[101.69498,12.83770],[101.69914,12.83532],[101.69882,12.83009],[101.69457,12.81648],[101.69108,12.81431],[101.69189,12.8059],[101.68964,12.79959],[101.69187,12.7866],[101.68870,12.78411],[101.68415,12.78854],[101.68313,12.79359],[101.67089,12.79487],[101.66941,12.79191],[101.66749,12.79471],[101.65877,12.79862],[101.65555,12.79833],[101.65497,12.79612],[101.65031,12.80343],[101.65294,12.8037],[101.65083,12.80631],[101.65327,12.80830],[101.65039,12.81415],[101.65322,12.82206],[101.65042,12.82289],[101.65574,12.82651],[101.65398,12.82719],[101.65511,12.83149],[101.65743,12.83052],[101.65865,12.83508],[101.65628,12.83486],[101.65459,12.84535],[101.65110,12.84806],[101.65170,12.85027],[101.64732,12.85740],[101.64575,12.86446],[101.64366,12.86546],[101.64556,12.86967],[101.64406,12.87143],[101.64533,12.87387],[101.64330,12.87512],[101.64528,12.87816],[101.64264,12.88511],[101.64619,12.88970],[101.65046,12.89108],[101.65452,12.88664],[101.66425,12.88361],[101.66572,12.89508],[101.67002,12.89834]]]}},{"type":"Feature","properties":{"id":"TH210309"},"geometry":{"type":"Polygon","coordinates":[[[101.79076,12.86825],[101.78254,12.84913],[101.77793,12.84667],[101.77164,12.8374],[101.76342,12.83029],[101.76793,12.81907],[101.76482,12.81582],[101.76642,12.80878],[101.75914,12.79148],[101.75388,12.78681],[101.72011,12.77675],[101.71510,12.76774],[101.71317,12.75500],[101.70717,12.74486],[101.70783,12.73765],[101.70643,12.73635],[101.70317,12.73867],[101.69099,12.74103],[101.69277,12.74735],[101.67576,12.74778],[101.67937,12.75902],[101.68597,12.76549],[101.68076,12.76721],[101.67920,12.77050],[101.68252,12.77371],[101.68396,12.77898],[101.68262,12.78690],[101.68385,12.78985],[101.68752,12.78418],[101.68930,12.78575],[101.69055,12.78449],[101.69187,12.7866],[101.68965,12.79969],[101.69189,12.8059],[101.69108,12.81431],[101.69457,12.81648],[101.69882,12.83009],[101.69914,12.83532],[101.69498,12.83770],[101.69939,12.85450],[101.69863,12.86002],[101.70413,12.86453],[101.70637,12.86408],[101.70687,12.85458],[101.71077,12.85064],[101.71726,12.83723],[101.72155,12.84296],[101.72670,12.83909],[101.73133,12.83951],[101.73489,12.83427],[101.73451,12.82994],[101.73954,12.83369],[101.74016,12.83992],[101.74385,12.83981],[101.74564,12.84265],[101.74372,12.84643],[101.74944,12.85618],[101.74908,12.85937],[101.7556,12.85977],[101.78605,12.87700],[101.79076,12.86825]]]}},{"type":"Feature","properties":{"id":"TH210310"},"geometry":{"type":"Polygon","coordinates":[[[101.81655,12.90115],[101.81903,12.89503],[101.81668,12.89083],[101.81985,12.87906],[101.81681,12.87172],[101.82009,12.86471],[101.82628,12.85797],[101.82759,12.84926],[101.82452,12.84175],[101.82835,12.83933],[101.82807,12.83155],[101.82970,12.82997],[101.82819,12.83018],[101.82852,12.82729],[101.83104,12.82476],[101.82777,12.82207],[101.82907,12.82059],[101.82738,12.81041],[101.82070,12.80306],[101.82110,12.80067],[101.81806,12.80125],[101.82226,12.79106],[101.81943,12.78595],[101.82070,12.77954],[101.81799,12.77739],[101.81696,12.76709],[101.82000,12.76525],[101.81724,12.75845],[101.81964,12.75436],[101.81089,12.75173],[101.80971,12.75587],[101.80747,12.75635],[101.80385,12.75188],[101.79931,12.7498],[101.79887,12.74675],[101.79328,12.74988],[101.79434,12.75078],[101.79071,12.75432],[101.77985,12.75452],[101.76637,12.76256],[101.75388,12.78681],[101.75914,12.79148],[101.76642,12.80878],[101.76482,12.81582],[101.76793,12.81907],[101.76342,12.83029],[101.77164,12.8374],[101.77793,12.84667],[101.78254,12.84913],[101.78512,12.85840],[101.79076,12.86825],[101.78605,12.87700],[101.79981,12.88241],[101.80484,12.88074],[101.80741,12.88189],[101.81194,12.88557],[101.81356,12.89572],[101.81655,12.90115]]]}},{"type":"Feature","properties":{"id":"TH210311"},"geometry":{"type":"Polygon","coordinates":[[[101.75388,12.78681],[101.76505,12.76377],[101.76344,12.75939],[101.75399,12.75512],[101.75276,12.74817],[101.74855,12.74555],[101.74926,12.74206],[101.74572,12.73794],[101.75059,12.72908],[101.74404,12.71675],[101.74519,12.71070],[101.73591,12.70627],[101.72355,12.70532],[101.72092,12.70759],[101.71727,12.70455],[101.71557,12.70850],[101.72313,12.71635],[101.72423,12.72046],[101.73600,12.72058],[101.73125,12.73656],[101.71969,12.72996],[101.71727,12.73275],[101.7149,12.73182],[101.70643,12.73635],[101.70801,12.73787],[101.70717,12.74486],[101.71317,12.75500],[101.71510,12.76774],[101.72011,12.77675],[101.75388,12.78681]]]}},{"type":"Feature","properties":{"id":"TH210312"},"geometry":{"type":"Polygon","coordinates":[[[101.76505,12.76377],[101.77985,12.75452],[101.79071,12.75432],[101.80296,12.74069],[101.79951,12.73715],[101.79458,12.73583],[101.79914,12.73138],[101.79959,12.72375],[101.79177,12.71436],[101.78627,12.71146],[101.78739,12.70455],[101.79052,12.70149],[101.78894,12.69811],[101.78187,12.69352],[101.76690,12.70352],[101.75344,12.70704],[101.74449,12.71193],[101.74404,12.71675],[101.75059,12.72908],[101.74572,12.73794],[101.74926,12.74206],[101.74855,12.74555],[101.75276,12.74817],[101.75399,12.75512],[101.76344,12.75939],[101.76505,12.76377]]]}},{"type":"Feature","properties":{"id":"TH210313"},"geometry":{"type":"Polygon","coordinates":[[[101.70317,12.73867],[101.7149,12.73182],[101.71727,12.73275],[101.71969,12.72996],[101.73125,12.73656],[101.73600,12.72058],[101.72423,12.72046],[101.72313,12.71635],[101.71557,12.70850],[101.71727,12.70455],[101.72092,12.70759],[101.72219,12.70461],[101.70442,12.69793],[101.71231,12.69725],[101.69587,12.69517],[101.69670,12.69902],[101.69615,12.69721],[101.69868,12.69840],[101.70095,12.70082],[101.70225,12.71668],[101.69794,12.71822],[101.69383,12.71536],[101.68266,12.72257],[101.69809,12.72891],[101.69369,12.73284],[101.68596,12.73232],[101.68470,12.73514],[101.69099,12.74103],[101.70317,12.73867]]]}},{"type":"Feature","properties":{"id":"TH210317"},"geometry":{"type":"Polygon","coordinates":[[[101.55998,12.79724],[101.56430,12.78839],[101.56368,12.78271],[101.56986,12.77832],[101.57168,12.77225],[101.57619,12.76901],[101.58055,12.77088],[101.58948,12.76829],[101.59327,12.76499],[101.59431,12.75887],[101.60208,12.75554],[101.60820,12.75560],[101.61543,12.75001],[101.61802,12.74167],[101.60309,12.72104],[101.60064,12.72054],[101.59303,12.72876],[101.59028,12.73521],[101.57565,12.74982],[101.57174,12.75952],[101.55875,12.76857],[101.55769,12.76708],[101.55254,12.76922],[101.55141,12.77401],[101.54091,12.78004],[101.53655,12.78614],[101.53815,12.79163],[101.53656,12.79752],[101.53042,12.79764],[101.51716,12.80523],[101.50734,12.80693],[101.50310,12.81884],[101.50648,12.82363],[101.50704,12.83023],[101.52248,12.82480],[101.52575,12.82621],[101.53271,12.82434],[101.53832,12.81540],[101.54160,12.81281],[101.54580,12.81383],[101.55998,12.79724]]]}},{"type":"Feature","properties":{"id":"TH210318"},"geometry":{"type":"Polygon","coordinates":[[[101.54874,12.78216],[101.55254,12.76922],[101.55769,12.76708],[101.55875,12.76857],[101.57174,12.75952],[101.57565,12.74982],[101.59084,12.73396],[101.58062,12.72195],[101.57862,12.71678],[101.58091,12.71309],[101.57784,12.70856],[101.56326,12.70174],[101.56038,12.69734],[101.55169,12.70015],[101.54594,12.70770],[101.54032,12.70333],[101.53717,12.71302],[101.53028,12.72029],[101.52175,12.73501],[101.52171,12.73982],[101.52491,12.74471],[101.52198,12.74782],[101.52175,12.76083],[101.52627,12.76711],[101.52282,12.78261],[101.50994,12.79382],[101.50734,12.80693],[101.51716,12.80523],[101.53042,12.79764],[101.53656,12.79752],[101.53815,12.79163],[101.53655,12.78614],[101.54091,12.78004],[101.54874,12.78216]]]}},{"type":"Feature","properties":{"id":"TH210401"},"geometry":{"type":"Polygon","coordinates":[[[101.59047,12.88314],[101.60195,12.88116],[101.60227,12.87271],[101.59574,12.86360],[101.58452,12.85564],[101.58325,12.84402],[101.58578,12.84002],[101.58220,12.83914],[101.57710,12.83427],[101.57149,12.84022],[101.55123,12.84179],[101.55186,12.83112],[101.54515,12.83236],[101.52823,12.83954],[101.52249,12.83891],[101.51350,12.84732],[101.50614,12.84864],[101.50283,12.86286],[101.52100,12.87225],[101.53065,12.88071],[101.53857,12.88250],[101.53947,12.88644],[101.54422,12.88694],[101.55029,12.88288],[101.55356,12.88291],[101.55725,12.88017],[101.55683,12.87704],[101.55905,12.87523],[101.56887,12.88956],[101.57386,12.89009],[101.59047,12.88314]]]}},{"type":"Feature","properties":{"id":"TH210402"},"geometry":{"type":"Polygon","coordinates":[[[101.58208,13.0975],[101.58987,13.09469],[101.59203,13.09175],[101.58962,13.07219],[101.58778,13.06882],[101.58398,13.06770],[101.58315,13.06193],[101.58803,13.06086],[101.59219,13.05535],[101.59915,13.05630],[101.60256,13.03388],[101.59978,13.02684],[101.59579,13.02443],[101.59090,13.01031],[101.58206,13.00998],[101.58179,13.00477],[101.58492,13.00172],[101.58338,12.99781],[101.57678,12.99285],[101.57507,12.99446],[101.57284,12.9934],[101.57328,12.98963],[101.57028,12.98647],[101.57109,12.98382],[101.56427,12.97448],[101.56674,12.96570],[101.57119,12.96011],[101.57591,12.95759],[101.57595,12.93994],[101.58378,12.93699],[101.58517,12.93534],[101.58300,12.93427],[101.58394,12.93208],[101.58629,12.93259],[101.58807,12.92883],[101.58689,12.92724],[101.58956,12.92433],[101.58407,12.92297],[101.58287,12.91987],[101.58099,12.92374],[101.57936,12.92062],[101.56463,12.93168],[101.55434,12.93015],[101.55071,12.93810],[101.53826,12.93872],[101.53300,12.93410],[101.53293,12.93119],[101.52829,12.93192],[101.52517,12.92742],[101.52236,12.92757],[101.51911,12.92395],[101.51804,12.92586],[101.51121,12.92449],[101.51068,12.92182],[101.51390,12.91694],[101.50086,12.90670],[101.50258,12.89882],[101.50580,12.89641],[101.49938,12.89605],[101.49925,12.89413],[101.49554,12.89368],[101.49549,12.89020],[101.49287,12.89002],[101.48744,12.88298],[101.48272,12.88245],[101.47276,12.88555],[101.46814,12.88341],[101.46499,12.88476],[101.46110,12.88953],[101.44849,12.89483],[101.44942,12.90363],[101.46058,12.91450],[101.46714,12.91492],[101.47687,12.92334],[101.48344,12.92441],[101.48669,12.93146],[101.49247,12.93627],[101.48799,12.93870],[101.48018,12.93878],[101.47675,12.94261],[101.46907,12.94345],[101.47188,12.95525],[101.46928,12.95946],[101.47864,12.96106],[101.48395,12.96612],[101.49352,12.96012],[101.49834,12.96511],[101.49427,12.97324],[101.49370,12.97936],[101.49548,12.98115],[101.50027,12.98319],[101.50578,12.98168],[101.50834,12.98245],[101.50868,12.98522],[101.51358,12.98552],[101.51813,12.98387],[101.52083,12.97844],[101.52351,12.97891],[101.52673,12.98271],[101.52607,12.99557],[101.53614,12.99803],[101.53892,13.00072],[101.53743,13.00287],[101.53928,13.00632],[101.55073,13.01243],[101.56156,13.01128],[101.56351,13.01619],[101.56074,13.01868],[101.56257,13.02100],[101.55813,13.02265],[101.55676,13.03368],[101.55418,13.03303],[101.55192,13.03502],[101.55784,13.03871],[101.55717,13.04135],[101.55091,13.04372],[101.54822,13.04721],[101.54944,13.05432],[101.55144,13.05513],[101.54942,13.05826],[101.55127,13.06072],[101.54669,13.06441],[101.54602,13.0719],[101.55944,13.07700],[101.56913,13.08820],[101.57162,13.08680],[101.57735,13.09541],[101.57810,13.10920],[101.58208,13.0975]]]}},{"type":"Feature","properties":{"id":"TH210403"},"geometry":{"type":"Polygon","coordinates":[[[101.52094,13.07603],[101.53012,13.07125],[101.54262,13.07223],[101.54661,13.07093],[101.54669,13.06441],[101.55127,13.06072],[101.54942,13.05826],[101.55144,13.05513],[101.54944,13.05432],[101.54822,13.04721],[101.55091,13.04372],[101.55717,13.04135],[101.55784,13.03871],[101.55192,13.03502],[101.55418,13.03303],[101.55676,13.03368],[101.55813,13.02265],[101.56257,13.02100],[101.56074,13.01868],[101.56351,13.01619],[101.56156,13.01128],[101.55073,13.01243],[101.53928,13.00632],[101.53743,13.00287],[101.53892,13.00072],[101.53614,12.99803],[101.52607,12.99557],[101.52673,12.98271],[101.52351,12.97891],[101.52083,12.97844],[101.51813,12.98387],[101.51358,12.98552],[101.50868,12.98522],[101.50834,12.98245],[101.50578,12.98168],[101.50027,12.98319],[101.49548,12.98115],[101.49370,12.97936],[101.49427,12.97324],[101.49834,12.96511],[101.49352,12.96012],[101.48395,12.96612],[101.47864,12.96106],[101.46928,12.95946],[101.47188,12.95525],[101.46892,12.94405],[101.46843,12.94612],[101.46395,12.94439],[101.46055,12.94653],[101.45765,12.94307],[101.45144,12.94901],[101.43733,12.95187],[101.42919,12.95859],[101.42506,12.96656],[101.41593,12.96896],[101.41730,12.97247],[101.41381,12.98035],[101.41618,12.98594],[101.40788,12.99146],[101.40562,13.00731],[101.39775,13.02220],[101.39409,13.02481],[101.40298,13.02693],[101.40603,13.02355],[101.41163,13.02556],[101.41930,13.03275],[101.41997,13.03906],[101.42693,13.04536],[101.43282,13.04674],[101.43588,13.05159],[101.44398,13.04983],[101.45494,13.03574],[101.45651,13.03644],[101.46448,13.02906],[101.46641,13.02970],[101.47031,13.02625],[101.47315,13.02885],[101.47250,13.03252],[101.46536,13.04097],[101.46499,13.04401],[101.46892,13.05181],[101.47699,13.04791],[101.47776,13.04953],[101.47919,13.04843],[101.48881,13.05097],[101.48621,13.05301],[101.48495,13.05836],[101.51435,13.05939],[101.51559,13.06001],[101.51381,13.06096],[101.51257,13.06696],[101.52127,13.07222],[101.52094,13.07603]]]}},{"type":"Feature","properties":{"id":"TH210404"},"geometry":{"type":"Polygon","coordinates":[[[101.53826,12.93872],[101.55071,12.93810],[101.55434,12.93015],[101.56463,12.93168],[101.57936,12.92062],[101.58173,12.92316],[101.58904,12.90723],[101.58745,12.90687],[101.58810,12.90455],[101.59160,12.90251],[101.59003,12.89849],[101.59612,12.89280],[101.59795,12.88210],[101.59047,12.88314],[101.57386,12.89009],[101.56887,12.88956],[101.55905,12.87523],[101.55683,12.87704],[101.55725,12.88017],[101.55356,12.88291],[101.55029,12.88288],[101.54422,12.88694],[101.53947,12.88644],[101.53857,12.88250],[101.53065,12.88071],[101.52100,12.87225],[101.50283,12.86286],[101.50118,12.86935],[101.49757,12.86968],[101.48616,12.86515],[101.48229,12.86634],[101.48276,12.87262],[101.48954,12.88064],[101.48898,12.88525],[101.49287,12.89002],[101.49549,12.89020],[101.49554,12.89368],[101.49925,12.89413],[101.49938,12.89605],[101.50580,12.89641],[101.50258,12.89882],[101.50086,12.90670],[101.51390,12.91694],[101.51068,12.92182],[101.51121,12.92449],[101.51804,12.92586],[101.51911,12.92395],[101.52236,12.92757],[101.52517,12.92742],[101.52829,12.93192],[101.53293,12.93119],[101.53300,12.93410],[101.53826,12.93872]]]}},{"type":"Feature","properties":{"id":"TH210501"},"geometry":{"type":"Polygon","coordinates":[[[101.32677,12.79834],[101.32804,12.79718],[101.32531,12.79549],[101.32562,12.78959],[101.32281,12.78626],[101.31756,12.78421],[101.31067,12.75994],[101.30622,12.76046],[101.30643,12.75012],[101.29916,12.74662],[101.29722,12.74347],[101.29596,12.74648],[101.29184,12.74533],[101.29263,12.75206],[101.28822,12.75535],[101.29439,12.7813],[101.28988,12.78237],[101.29129,12.78758],[101.29411,12.78705],[101.29253,12.79135],[101.29470,12.79284],[101.29420,12.7975],[101.29550,12.79641],[101.29725,12.79829],[101.29912,12.79588],[101.30690,12.79487],[101.30967,12.79732],[101.31890,12.79614],[101.32677,12.79834]]]}},{"type":"Feature","properties":{"id":"TH210502"},"geometry":{"type":"Polygon","coordinates":[[[101.29796,12.89728],[101.30076,12.89413],[101.29761,12.89202],[101.29561,12.88723],[101.30132,12.87912],[101.29953,12.87032],[101.30485,12.86122],[101.30366,12.85641],[101.30118,12.85437],[101.30022,12.84726],[101.30256,12.83499],[101.30162,12.82925],[101.29884,12.82624],[101.29962,12.82409],[101.29601,12.81973],[101.29727,12.81549],[101.29569,12.81457],[101.29434,12.80667],[101.29685,12.80362],[101.29420,12.7975],[101.29470,12.79284],[101.29253,12.79135],[101.29411,12.78705],[101.29129,12.78758],[101.28988,12.78245],[101.29439,12.7813],[101.29045,12.76339],[101.28822,12.75535],[101.28264,12.75565],[101.27262,12.75904],[101.26646,12.75866],[101.26331,12.76353],[101.26400,12.76911],[101.25179,12.77577],[101.24699,12.78076],[101.24742,12.78279],[101.24222,12.78517],[101.23406,12.79306],[101.22575,12.79343],[101.22462,12.80158],[101.21810,12.81155],[101.20849,12.81345],[101.21079,12.82012],[101.20852,12.82129],[101.22395,12.86375],[101.23338,12.87850],[101.23739,12.87736],[101.24039,12.87283],[101.24868,12.87140],[101.25377,12.86769],[101.26669,12.86957],[101.27234,12.87859],[101.28088,12.87642],[101.28185,12.87930],[101.28742,12.88333],[101.28954,12.89215],[101.29270,12.89223],[101.29559,12.89685],[101.29796,12.89728]]]}},{"type":"Feature","properties":{"id":"TH210503"},"geometry":{"type":"Polygon","coordinates":[[[101.22593,12.79333],[101.23406,12.79306],[101.24222,12.78517],[101.24742,12.78279],[101.24699,12.78076],[101.25179,12.77577],[101.26400,12.76911],[101.26331,12.76353],[101.26646,12.75866],[101.26954,12.75956],[101.28967,12.75511],[101.29263,12.75206],[101.29184,12.74533],[101.28772,12.74439],[101.28895,12.73803],[101.28221,12.73386],[101.28112,12.73042],[101.27336,12.73591],[101.26232,12.72916],[101.23756,12.75123],[101.23902,12.75385],[101.23493,12.75805],[101.23504,12.76980],[101.22816,12.77488],[101.22956,12.77749],[101.22376,12.78266],[101.22593,12.79333]]]}},{"type":"Feature","properties":{"id":"TH210504"},"geometry":{"type":"Polygon","coordinates":[[[101.36344,12.76207],[101.36318,12.75889],[101.35875,12.75636],[101.35650,12.75118],[101.34967,12.74674],[101.34925,12.74196],[101.34216,12.73607],[101.33940,12.73596],[101.33521,12.72960],[101.32675,12.72768],[101.32752,12.72420],[101.31901,12.71370],[101.32031,12.71278],[101.31762,12.71093],[101.31365,12.69786],[101.30701,12.70091],[101.30396,12.69818],[101.30312,12.70620],[101.3005,12.70652],[101.29558,12.71650],[101.29178,12.71881],[101.28300,12.71854],[101.27872,12.72116],[101.28164,12.73321],[101.28895,12.73803],[101.28772,12.74439],[101.29596,12.74648],[101.29722,12.74347],[101.29916,12.74662],[101.30643,12.75012],[101.30622,12.76046],[101.32116,12.75790],[101.32036,12.75502],[101.32794,12.75463],[101.34005,12.75548],[101.34562,12.75808],[101.35531,12.75912],[101.35837,12.76211],[101.36344,12.76207]]]}},{"type":"Feature","properties":{"id":"TH210505"},"geometry":{"type":"Polygon","coordinates":[[[101.44770,12.89787],[101.44849,12.89483],[101.46110,12.88953],[101.46814,12.88341],[101.47276,12.88555],[101.48309,12.88242],[101.48764,12.88305],[101.48889,12.88501],[101.48954,12.88064],[101.48276,12.87262],[101.47751,12.86017],[101.47693,12.85443],[101.46604,12.86022],[101.46690,12.86449],[101.44560,12.85801],[101.43921,12.8621],[101.43291,12.86283],[101.43128,12.85656],[101.43457,12.84982],[101.43182,12.83534],[101.43705,12.82570],[101.42762,12.82931],[101.41677,12.81565],[101.41398,12.80596],[101.40690,12.81084],[101.39902,12.81272],[101.38661,12.80399],[101.38255,12.80734],[101.37404,12.80117],[101.35795,12.81056],[101.34944,12.80754],[101.34722,12.80850],[101.34608,12.80590],[101.33425,12.80226],[101.33303,12.79901],[101.32921,12.79893],[101.32804,12.79718],[101.32614,12.79909],[101.31890,12.79614],[101.30967,12.79732],[101.30690,12.79487],[101.29912,12.79588],[101.29725,12.79829],[101.29550,12.79641],[101.29420,12.7975],[101.29685,12.80362],[101.29434,12.80667],[101.29569,12.81457],[101.29727,12.81549],[101.29601,12.81973],[101.29962,12.82409],[101.29884,12.82624],[101.30224,12.83308],[101.31357,12.82976],[101.32037,12.83083],[101.32308,12.83518],[101.32618,12.83443],[101.32896,12.83874],[101.33978,12.84506],[101.34170,12.84894],[101.34656,12.84867],[101.35074,12.85363],[101.35129,12.85764],[101.36588,12.86515],[101.36659,12.86717],[101.37101,12.86567],[101.37557,12.87293],[101.38081,12.87231],[101.38156,12.87445],[101.39384,12.88038],[101.39479,12.88893],[101.39759,12.89430],[101.39607,12.89843],[101.39686,12.90527],[101.40670,12.90679],[101.40908,12.90993],[101.41402,12.91117],[101.41314,12.90560],[101.41746,12.90040],[101.42774,12.89934],[101.43041,12.90170],[101.43769,12.89892],[101.44342,12.90062],[101.44770,12.89787]]]}},{"type":"Feature","properties":{"id":"TH210506"},"geometry":{"type":"Polygon","coordinates":[[[101.41593,12.96896],[101.42506,12.96656],[101.42919,12.95859],[101.43733,12.95187],[101.45144,12.94901],[101.45765,12.94307],[101.46055,12.94653],[101.46395,12.94439],[101.46823,12.94618],[101.46911,12.94342],[101.47675,12.94261],[101.48018,12.93878],[101.48799,12.93870],[101.49247,12.93627],[101.48669,12.93146],[101.48344,12.92441],[101.47687,12.92334],[101.46714,12.91492],[101.46395,12.91578],[101.45707,12.91231],[101.44942,12.90363],[101.44770,12.89787],[101.44342,12.90062],[101.43769,12.89892],[101.43041,12.90170],[101.42774,12.89934],[101.41746,12.90040],[101.41314,12.90560],[101.41402,12.91117],[101.40908,12.90993],[101.40670,12.90679],[101.39686,12.90527],[101.39607,12.89843],[101.39759,12.89430],[101.39479,12.88893],[101.39384,12.88038],[101.38156,12.87445],[101.38081,12.87231],[101.37557,12.87293],[101.37101,12.86567],[101.36659,12.86717],[101.36588,12.86515],[101.35129,12.85764],[101.35074,12.85363],[101.34656,12.84867],[101.34170,12.84894],[101.33978,12.84506],[101.32896,12.83874],[101.32618,12.83443],[101.32308,12.83518],[101.32037,12.83083],[101.31357,12.82976],[101.30224,12.83308],[101.30241,12.84147],[101.30022,12.84726],[101.30118,12.85437],[101.30366,12.85641],[101.30485,12.86122],[101.29953,12.87032],[101.30132,12.87912],[101.29561,12.88723],[101.29761,12.89202],[101.30076,12.89413],[101.29639,12.89945],[101.29636,12.90977],[101.29190,12.91344],[101.29306,12.91821],[101.30083,12.92093],[101.31917,12.91244],[101.32136,12.91498],[101.32042,12.91797],[101.32283,12.91908],[101.32152,12.93301],[101.32845,12.93293],[101.33053,12.94293],[101.33775,12.94802],[101.34034,12.94744],[101.35430,12.95463],[101.35876,12.96393],[101.36688,12.96005],[101.37409,12.95204],[101.37140,12.94874],[101.37257,12.94506],[101.37116,12.94169],[101.37960,12.93852],[101.37821,12.93228],[101.38432,12.93244],[101.38715,12.92926],[101.39076,12.92898],[101.40094,12.94258],[101.40446,12.94121],[101.40728,12.93672],[101.40667,12.94046],[101.41219,12.94312],[101.41271,12.94873],[101.42042,12.95681],[101.41562,12.96603],[101.41593,12.96896]]]}},{"type":"Feature","properties":{"id":"TH210507"},"geometry":{"type":"Polygon","coordinates":[[[101.43291,12.86283],[101.43921,12.8621],[101.44560,12.85801],[101.46099,12.86175],[101.45118,12.82956],[101.44575,12.82925],[101.44432,12.82363],[101.41581,12.80068],[101.41740,12.79887],[101.41292,12.78077],[101.41486,12.77735],[101.41046,12.7725],[101.40050,12.76847],[101.39177,12.77002],[101.38297,12.76883],[101.38132,12.76556],[101.37701,12.76466],[101.37469,12.76163],[101.36477,12.76333],[101.36193,12.76094],[101.35837,12.76211],[101.35531,12.75912],[101.33712,12.75502],[101.32036,12.75502],[101.32116,12.75790],[101.31067,12.75994],[101.31756,12.78421],[101.32281,12.78626],[101.32562,12.78959],[101.32531,12.79549],[101.32921,12.79893],[101.33303,12.79901],[101.33425,12.80226],[101.34608,12.80590],[101.34722,12.80850],[101.34944,12.80754],[101.35795,12.81056],[101.37404,12.80117],[101.38255,12.80734],[101.38661,12.80399],[101.39902,12.81272],[101.40690,12.81084],[101.41398,12.80596],[101.41677,12.81565],[101.42762,12.82931],[101.43693,12.82535],[101.43737,12.82718],[101.43182,12.83534],[101.43457,12.84982],[101.43128,12.85656],[101.43291,12.86283]]]}},{"type":"Feature","properties":{"id":"TH210601"},"geometry":{"type":"Polygon","coordinates":[[[101.14349,13.02134],[101.16640,13.02562],[101.17350,13.02127],[101.17801,13.01322],[101.18542,13.01020],[101.19147,13.01563],[101.20224,13.01591],[101.21027,13.02055],[101.21041,13.01279],[101.21846,13.00178],[101.22173,13.00858],[101.23166,13.00659],[101.23587,13.00774],[101.23245,13.00447],[101.23904,12.99751],[101.24554,12.99686],[101.25318,12.99938],[101.26175,12.99067],[101.28422,12.97456],[101.27855,12.96814],[101.27942,12.96294],[101.28676,12.96003],[101.28858,12.95176],[101.29410,12.95237],[101.29699,12.94179],[101.28383,12.93059],[101.28493,12.92712],[101.28361,12.92570],[101.28093,12.92805],[101.27471,12.92782],[101.23378,12.95704],[101.21901,12.95901],[101.21526,12.95508],[101.19963,12.95445],[101.19433,12.95719],[101.19142,12.96157],[101.18628,12.96295],[101.18607,12.97370],[101.18172,12.97318],[101.17703,12.97588],[101.17378,12.98845],[101.16800,12.99260],[101.16689,12.99132],[101.15619,13.00003],[101.15045,12.99894],[101.14779,13.00115],[101.14350,13.00064],[101.13505,13.01631],[101.14349,13.02134]]]}},{"type":"Feature","properties":{"id":"TH210602"},"geometry":{"type":"Polygon","coordinates":[[[101.19625,13.08788],[101.21004,13.08013],[101.20962,13.07575],[101.21237,13.07815],[101.21891,13.07793],[101.23864,13.06507],[101.25503,13.07476],[101.25933,13.07478],[101.26183,13.07341],[101.26514,13.06615],[101.27083,13.06176],[101.29022,13.05749],[101.29027,13.05287],[101.29220,13.05115],[101.27930,13.05629],[101.27317,13.05462],[101.26918,13.04991],[101.25927,13.05038],[101.25564,13.04645],[101.26365,13.03038],[101.26308,13.01538],[101.26480,13.01272],[101.25318,12.99938],[101.24554,12.99686],[101.23904,12.99751],[101.23245,13.00447],[101.23587,13.00774],[101.23166,13.00659],[101.22173,13.00858],[101.21846,13.00178],[101.21041,13.01279],[101.21027,13.02055],[101.20224,13.01591],[101.19147,13.01563],[101.18542,13.01020],[101.17801,13.01322],[101.17460,13.01976],[101.17461,13.02787],[101.18238,13.02694],[101.18984,13.04144],[101.19502,13.04532],[101.19464,13.04968],[101.18424,13.0558],[101.17746,13.05441],[101.17738,13.05681],[101.17188,13.05853],[101.17511,13.06660],[101.17324,13.07335],[101.17703,13.08123],[101.18291,13.08559],[101.19625,13.08788]]]}},{"type":"Feature","properties":{"id":"TH210603"},"geometry":{"type":"Polygon","coordinates":[[[101.36859,12.98670],[101.36355,12.97876],[101.36308,12.96937],[101.35430,12.95463],[101.34034,12.94744],[101.33775,12.94802],[101.33053,12.94293],[101.32845,12.93293],[101.32152,12.93301],[101.32110,12.92716],[101.32329,12.92356],[101.31979,12.91295],[101.30083,12.92093],[101.29306,12.91821],[101.29103,12.91361],[101.28732,12.91677],[101.28550,12.92200],[101.2865,12.92637],[101.28383,12.93059],[101.29699,12.94179],[101.29410,12.95237],[101.28858,12.95176],[101.28676,12.96003],[101.27942,12.96294],[101.27855,12.96814],[101.28422,12.97456],[101.26175,12.99067],[101.25318,12.99938],[101.26480,13.01272],[101.26308,13.01538],[101.26365,13.03038],[101.27093,13.02369],[101.29498,13.01415],[101.30481,13.00838],[101.30687,13.00929],[101.30900,13.00037],[101.31378,13.00049],[101.31722,13.00555],[101.32127,13.00696],[101.33983,13.00247],[101.35124,12.99636],[101.35421,12.99692],[101.36292,12.99316],[101.36859,12.98670]]]}},{"type":"Feature","properties":{"id":"TH210604"},"geometry":{"type":"Polygon","coordinates":[[[101.28361,12.92570],[101.2865,12.92637],[101.28550,12.92200],[101.28732,12.91677],[101.29415,12.91250],[101.29692,12.90762],[101.29718,12.89727],[101.29270,12.89223],[101.28954,12.89215],[101.28680,12.88256],[101.28185,12.87930],[101.28088,12.87642],[101.27234,12.87859],[101.26669,12.86957],[101.25667,12.86764],[101.24052,12.87276],[101.23739,12.87736],[101.23338,12.87850],[101.22395,12.86375],[101.21684,12.86807],[101.20659,12.86711],[101.20090,12.86458],[101.19185,12.87037],[101.18715,12.87966],[101.19057,12.88125],[101.19236,12.88625],[101.18544,12.88404],[101.18102,12.88488],[101.17886,12.88695],[101.18579,12.88607],[101.19108,12.89024],[101.18119,12.89501],[101.18586,12.90490],[101.17914,12.90447],[101.17200,12.91049],[101.16253,12.91099],[101.15874,12.91409],[101.15301,12.91451],[101.15162,12.93077],[101.15842,12.93129],[101.17099,12.92237],[101.18041,12.93718],[101.18498,12.94095],[101.19268,12.94183],[101.19372,12.94021],[101.19513,12.94275],[101.20344,12.94314],[101.21048,12.93970],[101.23845,12.95406],[101.27471,12.92782],[101.28093,12.92805],[101.28361,12.92570]]]}},{"type":"Feature","properties":{"id":"TH210605"},"geometry":{"type":"Polygon","coordinates":[[[101.10466,13.02757],[101.11465,13.03357],[101.12868,13.02626],[101.13942,13.01030],[101.14350,13.00064],[101.14779,13.00115],[101.15045,12.99894],[101.15619,13.00003],[101.16689,12.99132],[101.16800,12.99260],[101.17378,12.98845],[101.17703,12.97588],[101.18172,12.97318],[101.18607,12.97370],[101.18628,12.96295],[101.19142,12.96157],[101.19489,12.95687],[101.19963,12.95445],[101.21526,12.95508],[101.22016,12.95900],[101.22576,12.95696],[101.23378,12.95704],[101.23845,12.95406],[101.21048,12.93970],[101.20344,12.94314],[101.19513,12.94275],[101.19372,12.94021],[101.19268,12.94183],[101.18498,12.94095],[101.18041,12.93718],[101.17099,12.92237],[101.15842,12.93129],[101.14941,12.93040],[101.14488,12.93332],[101.12898,12.93543],[101.12497,12.93995],[101.11960,12.93180],[101.11507,12.93164],[101.10909,12.92620],[101.10878,12.92392],[101.10246,12.91983],[101.09935,12.92240],[101.08961,12.92102],[101.08687,12.93033],[101.09168,12.94228],[101.08858,12.94681],[101.09102,12.95171],[101.09083,12.95759],[101.09392,12.96175],[101.09775,12.96270],[101.10358,12.97292],[101.09646,12.97475],[101.09422,12.97791],[101.09414,12.98961],[101.09069,12.99767],[101.08298,13.00426],[101.08494,13.00515],[101.08591,13.01241],[101.09438,13.03343],[101.10466,13.02757]]]}},{"type":"Feature","properties":{"id":"TH210606"},"geometry":{"type":"Polygon","coordinates":[[[101.33570,13.07544],[101.34156,13.07440],[101.34968,13.06224],[101.35894,13.0556],[101.36338,13.04634],[101.37993,13.03962],[101.39775,13.02220],[101.40562,13.00731],[101.40788,12.99146],[101.41618,12.98594],[101.41381,12.98035],[101.41730,12.97247],[101.41562,12.96603],[101.42042,12.95681],[101.41271,12.94873],[101.41162,12.94234],[101.40667,12.94046],[101.40783,12.93693],[101.40094,12.94258],[101.39076,12.92898],[101.38715,12.92926],[101.38432,12.93244],[101.37821,12.93228],[101.37960,12.93852],[101.37116,12.94169],[101.37257,12.94506],[101.37140,12.94874],[101.37409,12.95204],[101.36688,12.96005],[101.35876,12.96393],[101.36308,12.96937],[101.36355,12.97876],[101.36871,12.98686],[101.36336,12.99280],[101.35421,12.99692],[101.35124,12.99636],[101.33983,13.00247],[101.32127,13.00696],[101.31722,13.00555],[101.31378,13.00049],[101.30900,13.00037],[101.30687,13.00929],[101.30481,13.00838],[101.26997,13.02428],[101.26315,13.03064],[101.25564,13.04645],[101.25927,13.05038],[101.26918,13.04991],[101.27317,13.05462],[101.27930,13.05629],[101.29220,13.05115],[101.28907,13.05887],[101.29260,13.05799],[101.29246,13.06426],[101.29461,13.06689],[101.29831,13.06771],[101.30066,13.07221],[101.30581,13.07492],[101.31115,13.07358],[101.31743,13.08128],[101.32522,13.08422],[101.33120,13.08169],[101.33570,13.07544]]]}},{"type":"Feature","properties":{"id":"TH210701"},"geometry":{"type":"Polygon","coordinates":[[[101.74734,12.94886],[101.74980,12.95070],[101.75317,12.94996],[101.75416,12.94225],[101.75853,12.94027],[101.76892,12.94580],[101.77395,12.95176],[101.77821,12.95371],[101.78392,12.94697],[101.79022,12.94415],[101.79140,12.92952],[101.80065,12.92450],[101.80313,12.90708],[101.80694,12.89943],[101.80673,12.88774],[101.80987,12.88486],[101.80484,12.88074],[101.79981,12.88241],[101.78605,12.87700],[101.7556,12.85977],[101.74908,12.85937],[101.74944,12.85618],[101.74372,12.84643],[101.74564,12.84265],[101.74385,12.83981],[101.74016,12.83992],[101.73954,12.83369],[101.73451,12.82994],[101.73489,12.83427],[101.73133,12.83951],[101.72670,12.83909],[101.72155,12.84296],[101.71748,12.83702],[101.71077,12.85064],[101.70687,12.85458],[101.70637,12.86408],[101.70413,12.86453],[101.70659,12.87006],[101.71006,12.86775],[101.71098,12.87268],[101.70734,12.88896],[101.7135,12.90060],[101.70983,12.90239],[101.70866,12.90775],[101.70344,12.90832],[101.70013,12.91157],[101.70128,12.91234],[101.69608,12.92210],[101.69767,12.92359],[101.69589,12.93034],[101.69871,12.93684],[101.70528,12.93621],[101.70696,12.94099],[101.71545,12.94343],[101.72036,12.94968],[101.72650,12.94717],[101.73884,12.95906],[101.74734,12.94886]]]}},{"type":"Feature","properties":{"id":"TH210702"},"geometry":{"type":"Polygon","coordinates":[[[101.65020,13.16106],[101.65718,13.16094],[101.66078,13.15647],[101.66868,13.15322],[101.67412,13.15481],[101.68475,13.14822],[101.69577,13.14659],[101.69667,13.13785],[101.68475,13.12258],[101.68553,13.11473],[101.6898,13.11008],[101.70018,13.10899],[101.69598,13.10349],[101.69513,13.09870],[101.69249,13.09716],[101.69338,13.09194],[101.69851,13.08088],[101.70606,13.07905],[101.70687,13.07666],[101.70411,13.07482],[101.70767,13.05925],[101.71106,13.05593],[101.71155,13.04860],[101.71390,13.0469],[101.71629,13.03590],[101.72391,13.03026],[101.73152,13.03359],[101.73817,13.03383],[101.74520,13.04008],[101.74680,13.04524],[101.75458,13.0495],[101.75848,13.04877],[101.76059,13.03985],[101.75242,13.02834],[101.75556,13.00651],[101.74227,12.99015],[101.73852,12.98256],[101.74120,12.97571],[101.73884,12.95906],[101.72650,12.94717],[101.72036,12.94968],[101.71545,12.94343],[101.70696,12.94099],[101.70528,12.93621],[101.69871,12.93684],[101.69589,12.93034],[101.69196,12.92932],[101.68903,12.93518],[101.68664,12.93612],[101.68612,12.94020],[101.68011,12.94487],[101.67856,12.94973],[101.67321,12.95336],[101.67016,12.95843],[101.67102,12.96147],[101.66731,12.96366],[101.66866,12.97385],[101.66401,12.97981],[101.66569,12.98494],[101.66549,12.98794],[101.66366,12.98843],[101.66428,12.99895],[101.65427,13.00365],[101.65440,13.00968],[101.65702,13.01023],[101.65456,13.01330],[101.65630,13.01486],[101.65458,13.02169],[101.64402,13.02370],[101.64366,13.02630],[101.63903,13.03026],[101.63881,13.03812],[101.63615,13.03860],[101.63661,13.04323],[101.63395,13.04449],[101.63399,13.04899],[101.63829,13.05243],[101.63724,13.05482],[101.63990,13.06776],[101.63704,13.07263],[101.63380,13.09326],[101.63912,13.09235],[101.63992,13.09441],[101.63325,13.10887],[101.61902,13.12663],[101.62344,13.14522],[101.63352,13.15325],[101.63566,13.16001],[101.64768,13.16355],[101.65020,13.16106]]]}},{"type":"Feature","properties":{"id":"TH210703"},"geometry":{"type":"Polygon","coordinates":[[[101.58206,13.00998],[101.62238,13.00916],[101.63024,13.00446],[101.63193,12.98516],[101.65958,12.98620],[101.66549,12.98794],[101.66401,12.97981],[101.66866,12.97385],[101.66731,12.96370],[101.67102,12.96147],[101.67016,12.95843],[101.67321,12.95336],[101.67856,12.94973],[101.68011,12.94487],[101.68612,12.94020],[101.68664,12.93612],[101.68903,12.93518],[101.69165,12.92963],[101.69613,12.9302],[101.69767,12.92359],[101.69608,12.92210],[101.70123,12.91003],[101.70866,12.90775],[101.70983,12.90239],[101.7135,12.90060],[101.70734,12.88896],[101.71098,12.87268],[101.71006,12.86775],[101.70523,12.87113],[101.68830,12.89256],[101.68681,12.89687],[101.68308,12.89928],[101.68012,12.89783],[101.67002,12.89834],[101.66632,12.89581],[101.66425,12.88361],[101.65452,12.88664],[101.65046,12.89108],[101.64619,12.88970],[101.64264,12.88511],[101.64443,12.87975],[101.64195,12.87936],[101.63976,12.87962],[101.63736,12.88331],[101.63430,12.88319],[101.62953,12.88964],[101.62539,12.88956],[101.62263,12.89596],[101.61977,12.89612],[101.61712,12.90578],[101.61157,12.91029],[101.60763,12.91858],[101.60911,12.91823],[101.61013,12.92074],[101.60779,12.92327],[101.61005,12.92789],[101.60825,12.92906],[101.61108,12.93387],[101.61082,12.93758],[101.61610,12.94346],[101.61531,12.94741],[101.61917,12.95788],[101.61121,12.97342],[101.61219,12.98132],[101.58830,12.97707],[101.57652,12.98033],[101.56852,12.97884],[101.57109,12.98382],[101.57028,12.98647],[101.57328,12.98963],[101.57284,12.9934],[101.57507,12.99446],[101.57678,12.99285],[101.58378,12.99861],[101.58492,13.00172],[101.58179,13.00477],[101.58206,13.00998]]]}},{"type":"Feature","properties":{"id":"TH210704"},"geometry":{"type":"Polygon","coordinates":[[[101.59548,13.13576],[101.61902,13.12663],[101.63431,13.10714],[101.63992,13.09441],[101.63912,13.09235],[101.63380,13.09324],[101.63704,13.07263],[101.64016,13.06441],[101.63724,13.05482],[101.63829,13.05243],[101.63399,13.04899],[101.63395,13.04449],[101.63661,13.04323],[101.63615,13.03860],[101.63881,13.03812],[101.64017,13.03197],[101.63903,13.03026],[101.64366,13.02630],[101.64402,13.02370],[101.65458,13.02169],[101.65630,13.01486],[101.65456,13.01330],[101.65702,13.01023],[101.65440,13.00968],[101.65427,13.00365],[101.66428,12.99895],[101.66366,12.98843],[101.66549,12.98794],[101.65958,12.98620],[101.63193,12.98516],[101.63024,13.00446],[101.62238,13.00916],[101.59090,13.01031],[101.59579,13.02443],[101.60144,13.02919],[101.60165,13.04461],[101.59915,13.05630],[101.59219,13.05535],[101.58803,13.06086],[101.58315,13.06193],[101.58398,13.06770],[101.58778,13.06882],[101.58962,13.07219],[101.59203,13.09175],[101.58987,13.09469],[101.58196,13.09764],[101.57810,13.10920],[101.58732,13.13183],[101.59548,13.13576]]]}},{"type":"Feature","properties":{"id":"TH210801"},"geometry":{"type":"Polygon","coordinates":[[[101.17752,12.88747],[101.18544,12.88404],[101.19236,12.88625],[101.19057,12.88125],[101.18715,12.87966],[101.19185,12.87037],[101.20090,12.86458],[101.20659,12.86711],[101.21684,12.86807],[101.22395,12.86375],[101.21037,12.82880],[101.20852,12.82129],[101.21079,12.82012],[101.20849,12.81345],[101.19742,12.81279],[101.16985,12.82582],[101.16310,12.81431],[101.15193,12.80731],[101.15376,12.79714],[101.14895,12.79852],[101.13934,12.80598],[101.13123,12.80571],[101.13156,12.80905],[101.12818,12.81034],[101.15875,12.86223],[101.17145,12.88751],[101.17752,12.88747]]]}},{"type":"Feature","properties":{"id":"TH210802"},"geometry":{"type":"Polygon","coordinates":[[[101.19629,12.81296],[101.20699,12.81409],[101.21810,12.81155],[101.22462,12.80158],[101.22593,12.79333],[101.22376,12.78266],[101.22956,12.77749],[101.22816,12.77488],[101.23504,12.76980],[101.23493,12.75805],[101.23902,12.75385],[101.23400,12.74605],[101.22379,12.74762],[101.22354,12.74584],[101.21159,12.74136],[101.19942,12.74466],[101.18284,12.76194],[101.17882,12.75682],[101.16684,12.75694],[101.16322,12.75883],[101.16065,12.76371],[101.16248,12.77165],[101.15510,12.77872],[101.14873,12.78140],[101.14564,12.79295],[101.14071,12.79748],[101.14387,12.79965],[101.1431,12.80381],[101.14895,12.79852],[101.15376,12.79714],[101.15193,12.80731],[101.16310,12.81431],[101.16985,12.82582],[101.19629,12.81296]]]}},{"type":"Feature","properties":{"id":"TH210803"},"geometry":{"type":"Polygon","coordinates":[[[101.12952,12.93519],[101.15162,12.93077],[101.15301,12.91451],[101.15874,12.91409],[101.16253,12.91099],[101.17200,12.91049],[101.17914,12.90447],[101.18586,12.90490],[101.18119,12.89501],[101.19108,12.89024],[101.18579,12.88607],[101.17563,12.88831],[101.17145,12.88751],[101.15595,12.85731],[101.08887,12.89682],[101.07993,12.90639],[101.08474,12.90974],[101.08871,12.91632],[101.08819,12.92019],[101.09362,12.92273],[101.09640,12.92134],[101.09935,12.92240],[101.10246,12.91983],[101.10878,12.92392],[101.10909,12.92620],[101.11507,12.93164],[101.11960,12.93180],[101.12497,12.93995],[101.12952,12.93519]]]}},{"type":"Feature","properties":{"id":"TH210804"},"geometry":{"type":"Polygon","coordinates":[[[101.15595,12.85731],[101.12843,12.81036],[101.12465,12.81394],[101.12233,12.81388],[101.10803,12.80276],[101.10718,12.80693],[101.09348,12.80436],[101.07626,12.81245],[101.06778,12.81966],[101.05404,12.81745],[101.05002,12.81510],[101.04943,12.81756],[101.05260,12.82286],[101.05750,12.82526],[101.06193,12.83249],[101.06435,12.85092],[101.06267,12.85357],[101.06782,12.87013],[101.07408,12.88052],[101.07262,12.88630],[101.07381,12.89162],[101.07965,12.89621],[101.07703,12.90533],[101.07993,12.90639],[101.08887,12.89682],[101.15595,12.85731]]]}}]}